<?xml version="1.0" encoding="UTF-8"?>
<Configuration status="WARN">
    <Properties>
        <Property name="APP_ID" value="ump-member-starter"/>
        <!-- 日志文件存放路径 不要改变其内容 运维指定日志存放在该路径下 改动可能导致离线日志无法被收集 -->
        <Property name="LOG_PATH" value="/data/logs/${APP_ID}"/>
        <!-- 配置traceId的默认值 -->
        <Property name="traceId" value="null"/>
    </Properties>
    <Appenders>
        <FullChainAppender name="FullChainAppender" fileName="${LOG_PATH}/app.log"
                     filePattern="${LOG_PATH}/app-%d{yyyyMMdd}-%i.log">
            <JsonLayout complete="false" compact="true" stacktraceAsString="true" locationInfo="false"
                        includeStacktrace="true" eventEol="true">
                <KeyValuePair key="appid" value="${APP_ID}"/>
                <KeyValuePair key="traceId" value="$${ctx:traceId}"/>
                <KeyValuePair key="timestamp" value="$${date:yyyy-MM-dd HH:mm:ss.SSSZ}"/>
            </JsonLayout>
            <Policies>
                <!--以天为单位触发滚动操作，modulate设置为true，会以00:00作为起始时间，每天00:00进行一次滚动-->
                <TimeBasedTriggeringPolicy interval="1" modulate="true"/>
                <!--每个日志文件的大小为1GB-->
                <SizeBasedTriggeringPolicy size="1GB"/>
            </Policies>
            <!--每天最多保存5G日志，最多保存一周-->
            <DefaultRolloverStrategy max="5">
                <Delete basePath="${LOG_PATH}" maxDepth="1">
                    <IfFileName glob="app-*.log"/>
                    <IfLastModified age="2d"/>
                </Delete>
            </DefaultRolloverStrategy>
        </FullChainAppender>
        <!-- 接入cat时，需要以下配置 -->
        <CatAppender name="CatAppender"/>
        <Console name="Console" target="SYSTEM_OUT">
            <PatternLayout pattern="%d{HH:mm:ss.SSS} [%t] %-5level %logger{36} - %msg%n"/>
        </Console>
    </Appenders>
    <Loggers>
        <AsyncRoot level="INFO">
            <AppenderRef ref="FullChainAppender"/>
            <AppenderRef ref="CatAppender"/>
            <!--开发环境时可启用控制台输出-->
            <AppenderRef ref="Console"/>
        </AsyncRoot>
    </Loggers>
</Configuration>
