<?xml version="1.0" encoding="UTF-8"?>
<!DOCTYPE generatorConfiguration
        PUBLIC "-//mybatis.org//DTD MyBatis Generator Configuration 1.0//EN"
        "http://mybatis.org/dtd/mybatis-generator-config_1_0.dtd">
<generatorConfiguration>

    <context id="mysqlTables" targetRuntime="MyBatis3">

        <!-- genenat entity时,生成toString -->
        <plugin type="org.mybatis.generator.plugins.ToStringPlugin"/>

        <commentGenerator>
            <property name="suppressDate" value="true"/>
            <property name="suppressAllComments" value="true"/>
        </commentGenerator>

        <jdbcConnection driverClass="com.mysql.jdbc.Driver"
                        connectionURL="jdbc:mysql://127.0.0.1:3306/ump_member?serverTimezone=GMT"
                        userId="root"
                        password="123456"/>

        <!--指定生成的类型为java类型，避免数据库中number等类型字段 -->

        <javaTypeResolver>

        </javaTypeResolver>


        <!--自动生成的实体的存放包路径 -->

        <javaModelGenerator targetPackage="com.oyo.ump.member.dal.generate.model"
                            targetProject="src/main/java">
            <property name="enableSubPackages" value="true"/>
            <property name="trimStrings" value="true"/>
        </javaModelGenerator>

        <!--自动生成的*Mapper.xml文件存放路径 -->
        <sqlMapGenerator targetPackage="com.oyo.ump.member.dal.generate.mapper"
                         targetProject="src/main/java">
            <property name="enableSubPackages" value="true"/>
        </sqlMapGenerator>

        <!--自动生成的*Mapper.java存放路径 -->
        <javaClientGenerator type="XMLMAPPER"
                             targetPackage="com.oyo.ump.member.dal.generate.dao"
                             targetProject="src/main/java">
            <property name="enableSubPackages" value="true"/>
        </javaClientGenerator>

        <table schema="ump_member" tableName="acknowledgements"
               enableCountByExample="false" enableUpdateByExample="false"
               enableDeleteByExample="false" enableSelectByExample="false"
               selectByExampleQueryId="false">
        </table>

    </context>


</generatorConfiguration>