<?xml version="1.0" encoding="UTF-8"?>
<!DOCTYPE mapper PUBLIC "-//mybatis.org//DTD Mapper 3.0//EN" "http://mybatis.org/dtd/mybatis-3-mapper.dtd">
<mapper namespace="com.oyo.ump.member.dal.dao.BonusGainRuleMapper">
    <resultMap id="BaseResultMap" type="com.oyo.ump.member.dal.model.BonusGainRuleEntity">
        <result column="id" jdbcType="INTEGER" property="id" />
        <result column="bonus_type" jdbcType="VARCHAR" property="bonusType" />
        <result column="status" jdbcType="INTEGER" property="status" />
        <result column="gain_flag" jdbcType="INTEGER" property="gainFlag" />
        <result column="cost_flag" jdbcType="INTEGER" property="costFlag" />
        <result column="inital_value" jdbcType="INTEGER" property="initalValue" />
        <result column="limit_value" jdbcType="INTEGER" property="limitValue" />
        <result column="multiple_flag" jdbcType="INTEGER" property="multipleFlag" />
        <result column="valid_period" jdbcType="DATE" property="validPeriod" />
        <result column="str_valid_period" jdbcType="VARCHAR" property="strValidPeriod" />
        <result column="valid_period_json" jdbcType="VARCHAR" property="validPeriodJson" />
        <result column="comission_config" jdbcType="VARCHAR" property="comissionConfig" />
        <result column="is_deleted" jdbcType="INTEGER" property="isDeleted" />
        <result column="tenant" jdbcType="VARCHAR" property="tenant" />
    </resultMap>
    <sql id="Base_Column_List">
    id, bonus_type, `status`, gain_flag, cost_flag, inital_value, limit_value, multiple_flag, valid_period, valid_period_json, str_valid_period, comission_config
  </sql>
    <select id="getGainRuleList" resultMap="BaseResultMap">
    select
      <include refid="Base_Column_List" />
    from member_bonus_config where is_deleted = 0 and tenant =#{tenant}
  </select>
</mapper>
