<?xml version="1.0" encoding="UTF-8"?>
<!DOCTYPE mapper PUBLIC "-//mybatis.org//DTD Mapper 3.0//EN" "http://mybatis.org/dtd/mybatis-3-mapper.dtd">
<mapper namespace="com.oyo.ump.member.dal.dao.BonusCostRuleMapper">
    <resultMap id="BaseResultMap" type="com.oyo.ump.member.dal.model.BonusCostRuleEntity">
        <result column="id" jdbcType="INTEGER" property="id" />
        <result column="deduction_ratio" jdbcType="INTEGER" property="deductionRatio" />
        <result column="exchange_config" jdbcType="VARCHAR" property="exchangeConfig" />
        <result column="is_deleted" jdbcType="INTEGER" property="isDeleted" />
    </resultMap>
    <sql id="Base_Column_List">
    id, deduction_ratio, exchange_config
  </sql>
    <select id="getCostRuleList" resultMap="BaseResultMap">
    select
      <include refid="Base_Column_List" />
    from member_bonus_cost_config where is_deleted = 0
  </select>
</mapper>