<?xml version="1.0" encoding="UTF-8"?>
<!DOCTYPE mapper PUBLIC "-//mybatis.org//DTD Mapper 3.0//EN" "http://mybatis.org/dtd/mybatis-3-mapper.dtd">
<mapper namespace="com.oyo.ump.member.dal.dao.CrowdPushIdMapper">
    <resultMap id="BaseResultMap" type="com.oyo.ump.member.dal.model.CrowdPushIdEntity">
        <result column="id" jdbcType="BIGINT" property="id" />
        <result column="crowd_id" jdbcType="BIGINT" property="crowdId" />
        <result column="push_id" jdbcType="VARCHAR" property="pushId" />
        <result column="channel_type" jdbcType="VARCHAR" property="channelType" />
        <result column="create_time" jdbcType="TIMESTAMP" property="createTime" />
    </resultMap>

    <select id="selectByCrowdId" parameterType="java.lang.Long" resultMap="BaseResultMap">
      select
        crowd_id,
        push_id,
        channel_type
        FROM member_crowd_pushid
        where crowd_id = #{crowdId, jdbcType=BIGINT}
    </select>

    <insert id="insertBatch">
        insert into member_crowd_pushid (crowd_id, push_id,channel_type)
        values
        <foreach collection="list" item="item" index="index" separator=",">
            (#{crowdId},#{item.pushId},#{item.channelType})
        </foreach>
    </insert>

    <delete id="deleteByCrowdId" parameterType="java.lang.Long">
        delete from member_crowd_pushid WHERE crowd_id = #{crowdId, jdbcType=BIGINT}
    </delete>

</mapper>
