<?xml version="1.0" encoding="UTF-8"?>
<!DOCTYPE mapper PUBLIC "-//mybatis.org//DTD Mapper 3.0//EN" "http://mybatis.org/dtd/mybatis-3-mapper.dtd">
<mapper namespace="com.oyo.ump.member.dal.dao.CrowdOpenIdMapper">
    <resultMap id="BaseResultMap" type="com.oyo.ump.member.dal.model.CrowdOpenIdEntity">
        <result column="id" jdbcType="BIGINT" property="id" />
        <result column="crowd_id" jdbcType="BIGINT" property="crowdId" />
        <result column="open_id" jdbcType="VARCHAR" property="openId" />
        <result column="create_time" jdbcType="TIMESTAMP" property="createTime" />
    </resultMap>

    <select id="selectByCrowdId" parameterType="java.lang.Long" resultMap="BaseResultMap">
      select
        crowd_id,
        open_id
        FROM member_crowd_openid
        where crowd_id = #{crowdId, jdbcType=BIGINT}
    </select>

    <insert id="insertBatch">
        insert into member_crowd_openid (crowd_id, open_id)
        values
        <foreach collection="pushInfos" item="item" index="index" separator=",">
            (#{crowdId},#{item.openId})
        </foreach>
    </insert>

    <delete id="deleteByCrowdId" parameterType="java.lang.Long">
        delete from member_crowd_openid WHERE crowd_id = #{crowdId, jdbcType=BIGINT}
    </delete>

</mapper>
