<?xml version="1.0" encoding="UTF-8"?>
<!DOCTYPE mapper PUBLIC "-//mybatis.org//DTD Mapper 3.0//EN" "http://mybatis.org/dtd/mybatis-3-mapper.dtd">
<mapper namespace="com.oyo.ump.member.dal.dao.CrowdCustomMapper">
    <resultMap id="BaseResultMap" type="com.oyo.ump.member.dal.model.CrowdCustomEntity">
        <result column="id" jdbcType="BIGINT" property="id" />
        <result column="crowd_id" jdbcType="BIGINT" property="crowdId" />
        <result column="user_id" jdbcType="BIGINT" property="userId" />
        <result column="create_time" jdbcType="TIMESTAMP" property="createTime" />
    </resultMap>

    <select id="selectByCrowdId" parameterType="java.lang.Long" resultMap="BaseResultMap">
      select
        user_id,
        crowd_id
        FROM member_crowd_custom
        where crowd_id = #{crowdId, jdbcType=BIGINT}
    </select>

    <insert id="insertBatch">
        insert into member_crowd_custom (crowd_id, user_id)
        values
        <foreach collection="list" item="item" index="index" separator=",">
            (#{item.crowdId},#{item.userId})
        </foreach>
    </insert>

    <insert id="insertBatchBO">
        insert into member_crowd_custom (crowd_id, user_id)
        values
        <foreach collection="list" item="item" index="index" separator=",">
            (#{crowdId},#{item})
        </foreach>
    </insert>


    <delete id="deleteByCrowdId" parameterType="java.lang.Long">
        delete from member_crowd_custom WHERE crowd_id = #{crowdId, jdbcType=BIGINT}
    </delete>
    <select id="countByCrowdIds" resultType="java.lang.Long">
        select
        COUNT(DISTINCT user_id)
        from
        member_crowd_custom
        where
        crowd_id
        <foreach collection="list" item="item" index="index" open=" in (" separator="," close=")">
            #{item}
        </foreach>
    </select>

    <select id="findCrowdCustomShard" resultType="java.lang.Long">
        select
        DISTINCT(user_id)
        from
        member_crowd_custom
        where
        crowd_id
        <foreach collection="list" item="item" index="index" open=" in (" separator="," close=")">
            #{item}
        </foreach>
        and
        MOD(user_id,#{shard})=#{index}
    </select>

    <select id="findExistUserId" resultType="java.lang.Long">
        select
        user_id
        from
        member_crowd_custom
        where
        crowd_id =#{id}
        and user_id in
        <foreach collection="userIds" item="item" index="index" open="(" separator="," close=")">
            #{item}
        </foreach>
    </select>

    <update id="deleteCrowdCustomByCrowdIdAndUserIds">
        delete from member_crowd_custom WHERE crowd_id = #{id, jdbcType=BIGINT}
        and user_id in
        <foreach collection="userIds" item="item" index="index" open="(" separator="," close=")">
            #{item}
        </foreach>
    </update>

    <resultMap id="crowdUsersResult" type="com.oyo.ump.member.dal.result.CrowdUsersResult">
        <result column="userId"  jdbcType="BIGINT" property="userId" />
        <result column="crowdIds"   jdbcType="VARCHAR" property="crowdIds" />
        <result column="createTime"  jdbcType="TIMESTAMP" property="createTime" />
    </resultMap>

    <select id="findCrowdUsersPageByCondition" resultMap="crowdUsersResult">
        select user_id as userId,
        GROUP_CONCAT(crowd_id) as crowdIds,
        MAX(create_time) as createTime
        from member_crowd_custom
        where
        crowd_id in
        <foreach collection="crowdIds" item="item" index="index" open="(" separator="," close=")">
            #{item}
        </foreach>
        <if test="userId!=null">
           and user_id=#{userId}
        </if>
        group by user_id
        order by user_id
        limit #{start},#{offset}
    </select>

    <select id="countCrowdUsersPageByCondition" resultType="java.lang.Long">
        select count(1) from (
        select
        count(user_id)
        from member_crowd_custom
        where
        crowd_id in
        <foreach collection="crowdIds" item="item" index="index" open="(" separator="," close=")">
            #{item}
        </foreach>
        <if test="userId!=null">
            and user_id=#{userId}
        </if>
        group by user_id
        ) t1
    </select>

    <select id="findCrowdCustomBySql" resultType="java.util.Map">
        ${sql}
        limit #{start},#{pageSize}
    </select>
</mapper>
