<?xml version="1.0" encoding="UTF-8"?>
<!DOCTYPE mapper PUBLIC "-//mybatis.org//DTD Mapper 3.0//EN" "http://mybatis.org/dtd/mybatis-3-mapper.dtd">
<mapper namespace="com.oyo.ump.member.dal.dao.CrowdMapper">
    <resultMap id="BaseResultMap" type="com.oyo.ump.member.dal.model.CrowdEntity">
        <result column="id" jdbcType="BIGINT" property="id" />
        <result column="crowd_name" jdbcType="VARCHAR" property="crowdName" />
        <result column="crowd_status" jdbcType="VARCHAR" property="crowdStatus" />
        <result column="crowd_num" jdbcType="BIGINT" property="crowdNum" />
        <result column="crowd_tag" jdbcType="VARCHAR" property="crowdTag" />
        <result column="crowd_create_type" jdbcType="VARCHAR" property="crowdCreateType" />
        <result column="data_update_time" jdbcType="TIMESTAMP" property="dataUpdateTime" />
        <result column="create_time" jdbcType="TIMESTAMP" property="createTime" />
        <result column="update_time" jdbcType="TIMESTAMP" property="updateTime" />
        <result column="is_deleted" jdbcType="INTEGER" property="isDeleted" />
        <result column="user_type" jdbcType="INTEGER" property="userType" />
        <result column="crowd_type" jdbcType="INTEGER" property="crowdType" />
    </resultMap>

    <select id="selectById" parameterType="java.lang.Long" resultMap="BaseResultMap">
      select
        id,
        crowd_name,
        crowd_status,
        crowd_num,
        crowd_create_type,
        crowd_tag,
        data_update_time,
        create_time,
        update_time,
        is_deleted,
        user_type,
        crowd_type
        FROM member_crowd
        where id = #{id, jdbcType=BIGINT} and is_deleted = 0
    </select>

    <select id="batchGet" parameterType="list" resultMap="BaseResultMap">
      select
        id,
        crowd_name,
        crowd_status,
        crowd_num,
        crowd_create_type,
        crowd_tag,
        data_update_time,
        create_time,
        update_time,
        is_deleted,
        user_type,
        crowd_type
        FROM member_crowd where id in
        <foreach collection="list" index="index" item="item" open="(" separator="," close=")">
            #{item}
        </foreach>
    </select>

    <select id="selectByIds" parameterType="java.util.List" resultMap="BaseResultMap">
         select
        id,
        crowd_name,
        crowd_status,
        crowd_num,
        crowd_create_type,
        crowd_tag,
        data_update_time,
        create_time,
        update_time,
        is_deleted,
        user_type,
        crowd_type
        FROM member_crowd
        where is_deleted = 0 and
        crowd_status=1
        and
        id in
        <foreach collection="list" item="item" index="index" open="(" separator="," close=")">
            #{item}
        </foreach>
    </select>
    <select id="selectByCondition" parameterType="java.util.Map" resultMap="BaseResultMap">
      select
        id,
        crowd_name,
        crowd_status,
        crowd_num,
        crowd_create_type,
        crowd_tag,
        data_update_time,
        create_time,
        update_time,
        is_deleted,
        user_type,
        crowd_type
        FROM member_crowd
        <trim prefix="where" prefixOverrides="AND">
            <if test="startTime != null and startTime != ''">and create_time <![CDATA[>=]]> #{startTime}</if>
            <if test="endTime != null and endTime != ''">and create_time <![CDATA[<=]]> #{endTime}</if>
            <if test="crowdName != null and crowdName != ''">and crowd_name LIKE "%"#{crowdName}"%"</if>
            <if test="crowdStatus != null and crowdStatus != ''">and crowd_status = #{crowdStatus}</if>
            <if test="crowdCreateType != null and crowdCreateType != ''">and crowd_create_type = #{crowdCreateType}</if>
            <if test="crowdType != null">and crowd_type = #{crowdType}</if>
            <if test="userType != null">and user_type = #{userType}</if>
            and is_deleted = 0
        </trim>
        order by create_time desc
    </select>

    <insert id="insertCrowd" parameterType="com.oyo.ump.member.dal.model.CrowdEntity" useGeneratedKeys="true" keyProperty="id">
      insert into member_crowd(
        crowd_name,
        crowd_status,
        crowd_num,
        crowd_create_type,
        crowd_tag,
        is_deleted,
        user_type,
        crowd_type
      ) values (
        #{crowdName},
        #{crowdStatus},
        #{crowdNum},
        #{crowdCreateType},
        #{crowdTag},
        #{isDeleted},
        #{userType},
        #{crowdType}
      )
    </insert>


    <update id="updateCrowd" parameterType="com.oyo.ump.member.dal.model.CrowdEntity">
        update member_crowd
        <trim prefix="set" suffixOverrides=",">
            <if test="crowdName != null and crowdName != ''">crowd_name = #{crowdName},</if>
            <if test="crowdStatus != null and crowdStatus != ''">crowd_status = #{crowdStatus},</if>
            <if test="crowdCreateType != null and crowdCreateType != ''">crowd_create_type = #{crowdCreateType},</if>
            <if test="updateTime != null">update_time = #{updateTime},</if>
            <if test="dataUpdateTime != null">data_update_time = #{dataUpdateTime},</if>
            <if test="crowdNum != null">crowd_num = #{crowdNum},</if>
            <if test="crowdTag != null and crowdTag != ''">crowd_tag = #{crowdTag},</if>
            <!--<if test="userType != null">user_type = #{userType},</if>-->
            <!--<if test="crowdType != null">crowd_type = #{crowdType},</if>-->
        </trim>
        where id = #{id}
    </update>

    <update id="deleteCrowd" parameterType="java.lang.Long">
        update member_crowd
        set is_deleted = 1
        where id = #{id}
    </update>

    <select id="selectTagCrowdEntities" resultMap="BaseResultMap">
           select
        id,
        crowd_name,
        crowd_status,
        crowd_num,
        crowd_create_type,
        crowd_tag,
        data_update_time,
        create_time,
        update_time,
        is_deleted
        FROM member_crowd
        where is_deleted = 0 and
        crowd_create_type=1
    </select>
</mapper>
