<?xml version="1.0" encoding="UTF-8"?>
<!DOCTYPE mapper PUBLIC "-//mybatis.org//DTD Mapper 3.0//EN" "http://mybatis.org/dtd/mybatis-3-mapper.dtd">
<mapper namespace="com.oyo.ump.member.dal.dao.EventConfigDictMapper">
    <resultMap id="BaseResultMap" type="com.oyo.ump.member.dal.model.EventConfigDictEntity">
        <result column="id" jdbcType="INTEGER" property="id" />
        <result column="tag_status" jdbcType="INTEGER" property="tagStatus" />
        <result column="event_name" jdbcType="VARCHAR" property="eventName" />
        <result column="event_property_name" jdbcType="VARCHAR" property="eventPropertyName" />
        <result column="tag_type" jdbcType="INTEGER" property="tagType" />
        <result column="tag_table" jdbcType="VARCHAR" property="tagTable" />
        <result column="tag_column" jdbcType="VARCHAR" property="tagColumn" />
        <result column="tag_desc" jdbcType="VARCHAR" property="tagDesc" />
        <result column="sample_sql" jdbcType="VARCHAR" property="sampleSql" />
        <result column="value_area" jdbcType="VARCHAR" property="valueArea" />
        <result column="view_name" jdbcType="VARCHAR" property="viewName" />
        <result column="view_column" jdbcType="VARCHAR" property="viewColumn" />
        <result column="view_filter" jdbcType="VARCHAR" property="viewFilter" />
    </resultMap>

    <select id="getAllEventName" resultMap="BaseResultMap">
      select distinct event_name, view_name,view_filter
        FROM ump_member_crm_event_config_dict
        where tag_status = 1
    </select>

    <select id="getPropertyName" parameterType="java.lang.String" resultMap="BaseResultMap">
      select
        id,
        tag_status,
        event_name,
        event_property_name,
        tag_type,
        tag_table,
        tag_column,
        tag_desc,
        sample_sql,
        value_area,
        view_name,
        view_column,
        view_filter
        FROM ump_member_crm_event_config_dict
        where event_name = #{eventName, jdbcType=VARCHAR} and tag_status = 1
    </select>

    <select id="selectByTagColumn" resultMap="BaseResultMap">
      select
        id,
        tag_status,
        event_name,
        event_property_name,
        tag_type,
        tag_table,
        tag_column,
        tag_desc,
        sample_sql,
        value_area,
        view_name,
        view_column,
        view_filter
        FROM ump_member_crm_event_config_dict
        where event_property_name = #{tagColumn, jdbcType=VARCHAR} and tag_status = 1 and event_name=#{eventName, jdbcType=VARCHAR}
    </select>
</mapper>
