<?xml version="1.0" encoding="UTF-8"?>
<!DOCTYPE mapper PUBLIC "-//mybatis.org//DTD Mapper 3.0//EN" "http://mybatis.org/dtd/mybatis-3-mapper.dtd">
<mapper namespace="com.oyo.ump.member.dal.dao.HotelMapper">
    <resultMap id="BaseResultMap" type="com.oyo.ump.member.dal.model.HotelEntity">
        <result column="id" jdbcType="INTEGER" property="id" />
        <result column="hotel_id" jdbcType="BIGINT" property="hotelId" />
        <result column="city_id" jdbcType="INTEGER" property="cityId" />
    </resultMap>
    <sql id="Base_Column_List">
    id, hotel_id, city_id
  </sql>
    <select id="getHotelList" resultMap="BaseResultMap">
        select
          <include refid="Base_Column_List" />
        from member_hotels_config
    </select>

    <select id="getSalesHotel" resultMap="BaseResultMap">
        select
        <include refid="Base_Column_List" />
        from member_hotels_config
        where hotel_id in
        <foreach item="item" index="index" collection="list" open="(" separator="," close=")">
            #{item}
        </foreach>
    </select>

    <select id="getHotelById" parameterType="java.util.HashMap" resultMap="BaseResultMap">
        select
            <include refid="Base_Column_List" />
        from member_hotels_config where hotel_id = #{hotelId,jdbcType=BIGINT}
    </select>
    <insert id="insert" parameterType="map">
        insert into member_hotels_config (hotel_id,city_id)
        values (#{hotelId},#{cityId})
    </insert>
</mapper>
