<?xml version="1.0" encoding="UTF-8"?>
<!DOCTYPE mapper PUBLIC "-//mybatis.org//DTD Mapper 3.0//EN" "http://mybatis.org/dtd/mybatis-3-mapper.dtd">
<mapper namespace="com.oyo.ump.member.dal.dao.MemberPrivilegeMapper">
    <resultMap id="BaseResultMap" type="com.oyo.ump.member.dal.model.MemberPrivilegeEntity">
        <id column="id" jdbcType="INTEGER" property="id"/>
        <result column="grade" jdbcType="VARCHAR" property="grade"/>
        <result column="special_discount" jdbcType="INTEGER" property="specialDiscount"/>
        <result column="late_checkout" jdbcType="VARCHAR" property="lateCheckout"/>
        <result column="optimal_price_gurantee" jdbcType="INTEGER" property="optimalPriceGurantee"/>
        <result column="reservation_guarantee" jdbcType="INTEGER" property="reservationGuarantee"/>
        <result column="free_wifi" jdbcType="INTEGER" property="freeWifi"/>
        <result column="bonus_config" jdbcType="INTEGER" property="bonusConfig"/>
    </resultMap>
    <select id="queryAll" resultMap="BaseResultMap">
     select a.id,
            special_discount,
            late_checkout,
            optimal_price_gurantee,
            reservation_guarantee ,
            free_wifi,
            bonus_config,
            (select grade from member_grade_config b where b.id = a.grade_id ) grade
            from member_grade_privilege_config a where a.is_deleted=0;
  </select>

</mapper>