<?xml version="1.0" encoding="UTF-8"?>
<!DOCTYPE mapper PUBLIC "-//mybatis.org//DTD Mapper 3.0//EN" "http://mybatis.org/dtd/mybatis-3-mapper.dtd">
<mapper namespace="com.oyo.ump.member.dal.dao.MemberGradeMapper">
    <resultMap id="BaseResultMap" type="com.oyo.ump.member.dal.model.MemberGradeEntity">
        <id column="id" jdbcType="BIGINT" property="id"/>
        <result column="user_id" jdbcType="BIGINT" property="userId"/>
        <result column="grade" jdbcType="VARCHAR" property="grade"/>
        <result column="grade_ord" jdbcType="INTEGER" property="gradeOrd"/>
        <result column="grade_id" jdbcType="INTEGER" property="gradeId"/>
        <result column="previous_grade_id" jdbcType="INTEGER" property="previousGradeId"/>
        <result column="grade_name" jdbcType="VARCHAR" property="gradeName"/>
        <result column="room_nights" jdbcType="INTEGER" property="roomNights"/>
        <result column="relegation_nights" jdbcType="INTEGER" property="relegationNights"/>
        <result column="no_show" jdbcType="INTEGER" property="noShow"/>
        <result column="update_rule_type" jdbcType="INTEGER" property="updateRuleType"/>
        <result column="valid_period" jdbcType="INTEGER" property="validPeriod"/>
        <result column="grade_update_time" jdbcType="TIMESTAMP" property="gradeUpdateTime"/>
        <result column="valid_time" jdbcType="TIMESTAMP" property="validTime"/>
        <result column="update_time" jdbcType="TIMESTAMP" property="updateTime"/>
        <result column="tenant" jdbcType="VARCHAR" property="tenant" />
    </resultMap>

    <select id="getMemberGradeByUserId" resultMap="BaseResultMap" parameterType="map">
       select a.id,a.user_id,a.grade_id,a.room_nights,a.no_show,a.update_rule_type,a.valid_time,a.update_time,a.grade_update_time
        from member_grade_info a
        where a.user_id =#{userId} and a.tenant=#{tenant}
    </select>
    <select id="getMemberGradeByUserIds" resultMap="BaseResultMap" parameterType="map">
         select a.id,a.user_id,a.grade_id,a.room_nights,a.no_show,a.update_rule_type,a.valid_time,a.update_time,a.grade_update_time
        from member_grade_info a
        where a.user_id  in
        <foreach collection="userIds" index="index" item="item" open="(" separator="," close=")">
            #{item}
        </foreach>
        and a.tenant=#{tenant}
    </select>

    <select id="getMemberIdentityList" parameterType="java.util.Map" resultMap="BaseResultMap">
        select user_id, grade_id, previous_grade_id, update_rule_type, room_nights, no_show, grade_update_time, valid_time,tenant
        from member_grade_info
        <trim prefix="where" prefixOverrides="AND">
            <if test="userIds != null and userIds.size() > 0">
                and user_id in
                <foreach item="item" index="index" collection="userIds" open="(" separator="," close=")">
                    #{item}
                </foreach>
            </if>
            <if test="startTime != null and startTime != ''">and grade_update_time <![CDATA[>=]]> #{startTime}</if>
            <if test="endTime != null and endTime != ''">and grade_update_time <![CDATA[<=]]> #{endTime}</if>
            <if test="updateRuleType != null">and update_rule_type = #{updateRuleType}</if>
            <if test="previousGradeId != null">and previous_grade_id = #{previousGradeId}</if>
            <if test="gradeId != null">and grade_id = #{gradeId}</if>
            <if test="tenant != null">and tenant = #{tenant}</if>
        </trim>
        ORDER BY grade_update_time desc
    </select>

<!--    <select id="getMemberIdentityListByUserIdX" parameterType="java.util.Map" resultMap="BaseResultMap">-->
<!--        select user_id, grade_id, previous_grade_id, update_rule_type, room_nights, no_show, grade_update_time, valid_time,tenant-->
<!--        from member_grade_info-->
<!--        <trim prefix="where" prefixOverrides="AND">-->
<!--            <if test="userIds != null and userIds.size() > 0">-->
<!--                and user_id in-->
<!--                <foreach item="item" index="index" collection="userIds" open="(" separator="," close=")">-->
<!--                    #{item}-->
<!--                </foreach>-->
<!--            </if>-->
<!--            <if test="startTime != null and startTime != ''">and grade_update_time <![CDATA[>=]]> #{startTime}</if>-->
<!--            <if test="endTime != null and endTime != ''">and grade_update_time <![CDATA[<=]]> #{endTime}</if>-->
<!--            <if test="updateRuleType != null">and update_rule_type = #{updateRuleType}</if>-->
<!--            <if test="previousGradeId != null">and previous_grade_id = #{previousGradeId}</if>-->
<!--            <if test="gradeId != null">and grade_id = #{gradeId}</if>-->
<!--            <if test="tenant != null">and tenant = #{tenant}</if>-->
<!--        </trim>-->
<!--        ORDER BY grade_update_time desc-->
<!--    </select>-->


    <update id="changeGrade" parameterType="com.oyo.ump.member.dal.model.MemberGradeEntity">
        update member_grade_info
        <trim prefix="set" suffixOverrides=",">
        <if test="gradeId!=null">
            grade_id = #{gradeId},
        </if>
        <if test="previousGradeId!=null">
            previous_grade_id = #{previousGradeId},
        </if>
        <if test="updateRuleType!=null">
            update_rule_type = #{updateRuleType},
        </if>
        <if test="gradeUpdateTime!=null">
            grade_update_time = #{gradeUpdateTime},
        </if>
        <if test="roomNights!=null">
            room_nights = #{roomNights},
        </if>
        <if test="noShow!=null">
            no_show = #{noShow},
        </if>
        <if test="tenant!=null">
            tenant = #{tenant},
        </if>
            member_grade_info.valid_time = #{validTime}
        where member_grade_info.user_id = #{userId}
        </trim>
    </update>

    <insert id="insert" parameterType="com.oyo.ump.member.dal.model.MemberGradeEntity">
        insert into member_grade_info (user_id,previous_grade_id,grade_id,update_rule_type,grade_update_time,tenant,valid_time)
        values (#{userId},#{previousGradeId},#{gradeId},#{updateRuleType},now(),#{tenant},#{validTime})
    </insert>

</mapper>
