<?xml version="1.0" encoding="UTF-8"?>
<!DOCTYPE mapper PUBLIC "-//mybatis.org//DTD Mapper 3.0//EN" "http://mybatis.org/dtd/mybatis-3-mapper.dtd">
<mapper namespace="com.oyo.ump.member.dal.dao.MemberDimMapper">
    <resultMap id="BaseResultMap" type="com.oyo.ump.member.dal.model.UmpDataMemberDimRptEntity">
        <result column="member_id" jdbcType="BIGINT" property="memberId"/>
        <result column="channel" jdbcType="VARCHAR" property="channel"/>
       <result column="device_type" jdbcType="VARCHAR" property="deviceType"/>
       <result column="is_reference" jdbcType="INTEGER" property="isReference"/>
       <result column="refer_phone" jdbcType="VARCHAR" property="referPhone"/>
       <result column="register_time" jdbcType="TIMESTAMP" property="registerTime"/>
       <result column="phone_manufacturer" jdbcType="VARCHAR" property="phoneManufacturer"/>
       <result column="phone_model" jdbcType="VARCHAR" property="phoneModel"/>
       <result column="phone_os" jdbcType="VARCHAR" property="phoneOs"/>
       <result column="phone_ip" jdbcType="VARCHAR" property="phoneIp"/>
       <result column="count_unique_imei" jdbcType="INTEGER" property="countUniqueImei"/>
       <result column="count_referothers" jdbcType="INTEGER" property="countReferothers"/>
       <result column="count_reserve" jdbcType="INTEGER" property="countReserve"/>
       <result column="count_reservehotel" jdbcType="INTEGER" property="countReservehotel"/>
       <result column="count_act1" jdbcType="INTEGER" property="countAct1"/>
       <result column="count_act2" jdbcType="INTEGER" property="countAct2"/>
       <result column="count_act6" jdbcType="INTEGER" property="countAct6"/>
       <result column="count_act10" jdbcType="INTEGER" property="countAct10"/>
       <result column="count_act" jdbcType="INTEGER" property="countAct"/>
       <result column="count_coupons" jdbcType="INTEGER" property="countCoupons"/>
       <result column="count_checkinweekday" jdbcType="INTEGER" property="countCheckinweekday"/>
       <result column="count_checkinweekends" jdbcType="INTEGER" property="countCheckinweekends"/>
       <result column="count_checkin" jdbcType="INTEGER" property="countCheckin"/>
       <result column="count_checkinhotel" jdbcType="INTEGER" property="countCheckinmosthotel"/>
       <result column="count_checkoutmidnight" jdbcType="INTEGER" property="countCheckoutmidnight"/>
       <result column="hotel_reservemost" jdbcType="BIGINT" property="hotelReservemost"/>
       <result column="count_reservemosthotel" jdbcType="INTEGER" property="countReservehotel"/>
       <result column="count_checkincity" jdbcType="INTEGER" property="countCheckincity"/>
       <result column="hotel_checkinmost" jdbcType="BIGINT" property="hotelCheckinmost"/>
       <result column="count_checkinmosthotel" jdbcType="INTEGER" property="countCheckinmosthotel"/>
       <result column="count_appcheckin" jdbcType="INTEGER" property="countAppcheckin"/>
       <result column="amount_appcheckin" jdbcType="DOUBLE" property="amountAppcheckin"/>
       <result column="count_miniappcheckin" jdbcType="INTEGER" property="countMiniappcheckin"/>
       <result column="amount_miniappcheckin" jdbcType="DOUBLE" property="amountMiniappcheckin"/>
       <result column="amount_checkin" jdbcType="DOUBLE" property="amountCheckin"/>
       <result column="amount_actualcheckin" jdbcType="DOUBLE" property="amountActualcheckin"/>
       <result column="amount_paid" jdbcType="DOUBLE" property="amountPaid"/>
       <result column="amount_avgpaid" jdbcType="DOUBLE" property="amountAvgpaid"/>
       <result column="count_couponuse" jdbcType="INTEGER" property="countCoupons"/>
       <result column="is_date_diffs" jdbcType="INTEGER" property="isDateDiffs"/>
       <result column="days_reserveadvance_min" jdbcType="DOUBLE" property="daysReserveadvanceMin"/>
       <result column="days_reserveadvance_max" jdbcType="DOUBLE" property="daysReserveadvanceMax"/>
       <result column="days_reserveadvance_avg" jdbcType="DOUBLE" property="daysReserveadvanceAvg"/>
       <result column="phone" jdbcType="VARCHAR" property="phone"/>
       <result column="operator" jdbcType="VARCHAR" property="operator"/>
       <result column="phone_prov" jdbcType="VARCHAR" property="phoneProv"/>
       <result column="phone_city" jdbcType="VARCHAR" property="phoneCity"/>
       <result column="first_booking_time" jdbcType="TIMESTAMP" property="firstBookingTime"/>
       <result column="last_booking_time" jdbcType="TIMESTAMP" property="lastBookingTime"/>
       <result column="first_booking_checkin_time" jdbcType="TIMESTAMP" property="firstBookingCheckinTime"/>
       <result column="last_booking_checkin_time" jdbcType="TIMESTAMP" property="lastBookingCheckinTime"/>
       <result column="count_checkin_bymonth" jdbcType="INTEGER" property="countCheckinBymonth"/>
       <result column="count_checkinhotel_bymonth" jdbcType="INTEGER" property="countCheckinhotelBymonth"/>
       <result column="count_couponuse_bymonth" jdbcType="INTEGER" property="countCouponuseBymonth"/>
       <result column="count_activity_hotelcoupon" jdbcType="INTEGER" property="countActivityHotelcoupon"/>
       <result column="count_activity_hotelacts" jdbcType="INTEGER" property="countActivityHotelacts"/>
       <result column="counts_samehotel" jdbcType="INTEGER" property="countsSamehotel"/>
       <result column="counts_referuserforhotel" jdbcType="INTEGER" property="countsReferuserforhotel"/>
       <result column="count_shorttime" jdbcType="INTEGER" property="countShorttime"/>
       <result column="count_meta_coupons" jdbcType="INTEGER" property="countMetaCoupons"/>
       <result column="amount_allcoupons" jdbcType="DOUBLE" property="amountAllcoupons"/>
       <result column="amount_usecoupons" jdbcType="DOUBLE" property="amountUsecoupons"/>
       <result column="count_meta_usecoupons" jdbcType="INTEGER" property="countMetaUsecoupons"/>
       <result column="count_usecoupons" jdbcType="INTEGER" property="countUsecoupons"/>
       <result column="count_couponusemax" jdbcType="INTEGER" property="countCouponusemax"/>
       <result column="amount_couponusemax" jdbcType="DOUBLE" property="amountCouponusemax"/>
       <result column="count_couponmax" jdbcType="INTEGER" property="countCouponmax"/>
       <result column="amount_couponmax" jdbcType="DOUBLE" property="amountCouponmax"/>
       <result column="distinct_id" jdbcType="VARCHAR" property="distinctId"/>
       <result column="perfer_citys" jdbcType="VARCHAR" property="perferCitys"/>
       <result column="is_oyo_corporate" jdbcType="INTEGER" property="isOyoCorporate"/>
       <result column="wechant_user_flag" jdbcType="INTEGER" property="wechantUserFlag"/>
       <result column="alipay_user_flag" jdbcType="INTEGER" property="alipayUserFlag"/>
       <result column="wechat_last_login_time" jdbcType="TIMESTAMP" property="wechatLastLoginTime"/>
       <result column="alipay_last_login_time" jdbcType="TIMESTAMP" property="alipayLastLoginTime"/>
       <result column="auth_status" jdbcType="VARCHAR" property="authStatus"/>
       <result column="count_alimpcheckin" jdbcType="INTEGER" property="countAlimpcheckin"/>
       <result column="amount_alimpcheckin" jdbcType="DOUBLE" property="amountAlimpcheckin"/>
       <result column="first_app_time" jdbcType="TIMESTAMP" property="firstAppTime"/>
       <result column="last_app_time" jdbcType="TIMESTAMP" property="lastAppTime"/>
       <result column="first_mp_time" jdbcType="TIMESTAMP" property="firstMpTime"/>
       <result column="last_mp_time" jdbcType="TIMESTAMP" property="lastMpTime"/>
       <result column="first_alimp_time" jdbcType="TIMESTAMP" property="firstAlimpTime"/>
       <result column="last_alimp_time" jdbcType="TIMESTAMP" property="lastAlimpTime"/>
       <result column="first_web_time" jdbcType="TIMESTAMP" property="firstWebTime"/>
       <result column="last_web_time" jdbcType="TIMESTAMP" property="lastWebTime"/>
       <result column="date_count_1madvance" jdbcType="INTEGER" property="dateCount1madvance"/>
       <result column="date_count_7dadvance" jdbcType="INTEGER" property="dateCount7dadvance"/>
       <result column="date_count_advance" jdbcType="INTEGER" property="dateCountAdvance"/>
       <result column="count_coupon_shorttime" jdbcType="INTEGER" property="countCouponShorttime"/>
       <result column="count_coupon_midnight" jdbcType="INTEGER" property="countCouponMidnight"/>
       <result column="count_coupon_shortbookcheckin" jdbcType="INTEGER" property="countCouponShortbookcheckin"/>
       <result column="last_action_time" jdbcType="TIMESTAMP" property="lastActionTime"/>
       <result column="receive_stat" jdbcType="INTEGER" property="receiveStat"/>
       <result column="opened_stat" jdbcType="INTEGER" property="openedStat"/>
       <result column="is_push_flag" jdbcType="INTEGER" property="isPushFlag"/>
       <result column="is_active_in_latest_month" jdbcType="INTEGER" property="isActiveInLatestMonth"/>
       <result column="is_recevied_push" jdbcType="INTEGER" property="isReceviedPush"/>
       <result column="is_recevie" jdbcType="INTEGER" property="isRecevie"/>
       <result column="is_delete_app" jdbcType="INTEGER" property="isDeleteApp"/>
       <result column="is_oyo_wechat_fans" jdbcType="INTEGER" property="isOyoWechatFans"/>
       <result column="wechat_unionid" jdbcType="VARCHAR" property="wechatUnionid"/>
       <result column="recency" jdbcType="INTEGER" property="recency"/>
       <result column="frequency" jdbcType="INTEGER" property="frequency"/>
       <result column="susceptibility" jdbcType="INTEGER" property="susceptibility"/>
       <result column="auvp" jdbcType="DOUBLE" property="auvp"/>
       <result column="suvp" jdbcType="DOUBLE" property="suvp"/>
       <result column="sms_enable" jdbcType="INTEGER" property="smsEnable"/>
       <result column="live_city" jdbcType="VARCHAR" property="liveCity"/>
       <result column="base_city" jdbcType="VARCHAR" property="baseCity"/>
       <result column="total_points" jdbcType="DOUBLE" property="totalPoints"/>
       <result column="expire" jdbcType="TIMESTAMP" property="expire"/>
       <result column="current_grade_id" jdbcType="INTEGER" property="currentGradeId"/>
       <result column="current_grade_name" jdbcType="VARCHAR" property="currentGradeName"/>
       <result column="next_grade_id" jdbcType="INTEGER" property="nextGradeId"/>
       <result column="next_grade_name" jdbcType="VARCHAR" property="nextGradeName"/>
       <result column="urn_next_level" jdbcType="INTEGER" property="urnNextLevel"/>
       <result column="perfer_city_id" jdbcType="INTEGER" property="perferCityId"/>
       <result column="live_city_id" jdbcType="INTEGER" property="liveCityId"/>
       <result column="base_city_id" jdbcType="INTEGER" property="baseCityId"/>
       <result column="valid_phone" jdbcType="INTEGER" property="validPhone"/>
    </resultMap>
    <sql id="getAll">
           select member_id,
                channel,
                device_type,
                is_reference,
                refer_phone,
                register_time,
                phone_manufacturer,
                phone_model,
                phone_os,
                phone_ip,
                count_unique_imei,
                count_referothers,
                count_reserve,
                count_reservehotel,
                count_act1,
                count_act2,
                count_act6,
                count_act10,
                count_act,
                count_coupons,
                count_checkinweekday,
                count_checkinweekends,
                count_checkin,
                count_checkinhotel,
                count_checkoutmidnight,
                hotel_reservemost,
                count_reservemosthotel,
                count_checkincity,
                hotel_checkinmost,
                count_checkinmosthotel,
                count_appcheckin,
                amount_appcheckin,
                count_miniappcheckin,
                amount_miniappcheckin,
                amount_checkin,
                amount_actualcheckin,
                amount_paid,
                amount_avgpaid,
                count_couponuse,
                is_date_diffs,
                days_reserveadvance_min,
                days_reserveadvance_max,
                days_reserveadvance_avg,
                phone,
                operator,
                phone_prov,
                phone_city,
                first_booking_time,
                last_booking_time,
                first_booking_checkin_time,
                last_booking_checkin_time,
                count_checkin_bymonth,
                count_checkinhotel_bymonth,
                count_couponuse_bymonth,
                count_activity_hotelcoupon,
                count_activity_hotelacts,
                counts_samehotel,
                counts_referuserforhotel,
                count_shorttime,
                count_meta_coupons,
                amount_allcoupons,
                amount_usecoupons,
                count_meta_usecoupons,
                count_usecoupons,
                count_couponusemax,
                amount_couponusemax,
                count_couponmax,
                amount_couponmax,
                distinct_id,
                perfer_citys,
                is_oyo_corporate,
                wechant_user_flag,
                alipay_user_flag,
                wechat_last_login_time,
                alipay_last_login_time,
                auth_status,
                count_alimpcheckin,
                amount_alimpcheckin,
                first_app_time,
                last_app_time,
                first_mp_time,
                last_mp_time,
                first_alimp_time,
                last_alimp_time,
                first_web_time,
                last_web_time,
                date_count_1madvance,
                date_count_7dadvance,
                date_count_advance,
                count_coupon_shorttime,
                count_coupon_midnight,
                count_coupon_shortbookcheckin,
                last_action_time,
                receive_stat,
                opened_stat,
                is_push_flag,
                is_active_in_latest_month,
                is_recevied_push,
                is_recevie,
                is_delete_app,
                is_oyo_wechat_fans,
                wechat_unionid,
                recency,
                frequency,
                susceptibility,
                auvp,
                suvp,
                sms_enable,
                live_city,
                base_city,
                total_points,
                expire,
                current_grade_id,
                current_grade_name,
                next_grade_id,
                next_grade_name,
                urn_next_level,
                perfer_city_id,
                live_city_id,
                base_city_id,
                valid_phone,
                update_time
           from ump_data_member_dim_rpt
    </sql>

    <select id="getMemberInfoById" parameterType="java.lang.Long" resultMap="BaseResultMap">
        <include refid="getAll" />
        where member_id= #{userId}
    </select>

    <select id="getMemberInfoByDistinctId" parameterType="string" resultMap="BaseResultMap">
        <include refid="getAll" />
        where distinct_id=#{distinctId}
    </select>

</mapper>
