<?xml version="1.0" encoding="UTF-8"?>
<!DOCTYPE mapper PUBLIC "-//mybatis.org//DTD Mapper 3.0//EN" "http://mybatis.org/dtd/mybatis-3-mapper.dtd">
<mapper namespace="com.oyo.ump.member.dal.dao.MemberInfoMapper">
  <resultMap id="BaseResultMap" type="com.oyo.ump.member.dal.model.MemberInfoEntity">
    <id column="id" jdbcType="BIGINT" property="id" />
    <result column="user_id" jdbcType="BIGINT" property="userId" />
    <result column="subscription_code" jdbcType="VARCHAR" property="subscriptionCode" />
    <result column="nickname" jdbcType="VARCHAR" property="nickName" />
    <result column="phone" jdbcType="VARCHAR" property="phone" />
  </resultMap>
  <sql id="Base_Column_List">
    id,user_id,subscription_code,nickname ,phone
  </sql>
  <select id="queryMemberByUserId" resultMap="BaseResultMap">
    select
    <include refid="Base_Column_List" />
    from member_info where user_id=#{userId}
  </select>

</mapper>