<?xml version="1.0" encoding="UTF-8"?>
<!DOCTYPE mapper PUBLIC "-//mybatis.org//DTD Mapper 3.0//EN" "http://mybatis.org/dtd/mybatis-3-mapper.dtd">
<mapper namespace="com.oyo.ump.member.dal.dao.MemberGradeConfigMapper">
  <resultMap id="BaseResultMap" type="com.oyo.ump.member.dal.model.MemberGradeConfigEntity">
    <id column="id" jdbcType="INTEGER" property="id" />
    <result column="grade" jdbcType="VARCHAR" property="grade" />
    <result column="grade_ord" jdbcType="INTEGER" property="gradeOrd" />
    <result column="grade_name" jdbcType="VARCHAR" property="gradeName" />
    <result column="room_nights" jdbcType="INTEGER" property="roomNights" />
    <result column="no_show" jdbcType="INTEGER" property="noShow" />
    <result column="relegation_no_show" jdbcType="INTEGER" property="relegationNoShow" />
    <result column="relegation_nights" jdbcType="INTEGER" property="relegationNights" />
    <result column="degrade_flag" jdbcType="INTEGER" property="degradeFlag" />
    <result column="valid_period" jdbcType="INTEGER" property="validPeriod" />
    <result column="grade_icon" jdbcType="VARCHAR" property="gradeIcon" />
    <result column="grade_icon2" jdbcType="VARCHAR" property="gradeIcon2" />
    <result column="description" jdbcType="VARCHAR" property="description" />
    <result column="banner_info" jdbcType="VARCHAR" property="text" />
    <result column="member_self_limit" jdbcType="VARCHAR" property="memberLimit" />
    <result column="calc_grade_period" jdbcType="VARCHAR" property="relegationDays" />
    <result column="tenant" jdbcType="VARCHAR" property="tenant" />


  </resultMap>
  <sql id="Base_Column_List">
    id,grade,grade_name,grade_ord ,room_nights ,no_show , grade_icon ,grade_icon2 ,valid_period ,description ,degrade_flag ,relegation_no_show,relegation_nights,
    description,banner_info,calc_grade_period,member_self_limit,tenant
  </sql>
  <select id="queryAll" resultMap="BaseResultMap">
    select
    <include refid="Base_Column_List" />
    from member_grade_config where is_deleted=0 order by grade_ord desc;
  </select>
  <select id="getMemberGradeConfigByGradeOrd" parameterType="java.lang.Integer" resultMap="BaseResultMap">
    select
    <include refid="Base_Column_List" />
    from member_grade_config where grade_ord = #{gradeOrd, jdbcType=INTEGER} AND is_deleted=0
  </select>

  <select id="getMemberGradeConfigById" resultMap="BaseResultMap">
    select
    <include refid="Base_Column_List" />
    from member_grade_config where is_deleted=0 and id=#{id}
  </select>
</mapper>
