<?xml version="1.0" encoding="UTF-8"?>
<!DOCTYPE mapper PUBLIC "-//mybatis.org//DTD Mapper 3.0//EN" "http://mybatis.org/dtd/mybatis-3-mapper.dtd">
<mapper namespace="com.oyo.ump.member.dal.dao.MemberGradeDetailMapper">
    <resultMap id="BaseResultMap" type="com.oyo.ump.member.dal.model.MemberGradeDetailEntity">
        <id column="id" jdbcType="BIGINT" property="id"/>
        <result column="user_id" jdbcType="BIGINT" property="userId"/>
        <result column="current_grade_id" jdbcType="INTEGER" property="currentGradeId"/>
        <result column="previous_grade_id" jdbcType="INTEGER" property="previousGradeId"/>
        <result column="update_rule_type" jdbcType="INTEGER" property="updateRuleType"/>
        <result column="tenant" jdbcType="VARCHAR" property="tenant" />
    </resultMap>
    <insert id="addMemberGradeDetail" parameterType="com.oyo.ump.member.dal.model.MemberGradeDetailEntity">
        insert into member_grade_detail(user_id, previous_grade_id, current_grade_id, change_type, description,tenant)
             values(#{userId}, #{previousGradeId}, #{currentGradeId}, #{changeType}, #{description}, #{tenant})
    </insert>


</mapper>
