<?xml version="1.0" encoding="UTF-8"?>
<!DOCTYPE mapper PUBLIC "-//mybatis.org//DTD Mapper 3.0//EN" "http://mybatis.org/dtd/mybatis-3-mapper.dtd">
<mapper namespace="com.oyo.ump.member.dal.dao.MemberOrderMapper">
    <resultMap id="BaseResultMap" type="com.oyo.ump.member.dal.model.MemberOrderEntity">
        <id column="id" jdbcType="BIGINT" property="id"/>
        <result column="booking_sn" jdbcType="VARCHAR" property="bookingSn"/>
        <result column="order_sn" jdbcType="VARCHAR" property="orderSn"/>
        <result column="order_source" jdbcType="VARCHAR" property="orderSource"/>
        <result column="order_create_time" jdbcType="TIMESTAMP" property="orderTime"/>
        <result column="order_pay_time" jdbcType="TIMESTAMP" property="payTime"/>
        <result column="hotel_id" jdbcType="BIGINT" property="hotelId"/>
        <result column="paid_amount" jdbcType="DECIMAL" property="paidAmount"/>
        <result column="room_nights_amount" jdbcType="DECIMAL" property="roomNightsPaidAmount"/>
        <result column="member_id" jdbcType="BIGINT" property="userId"/>
        <result column="member_name" jdbcType="VARCHAR" property="username"/>
        <result column="is_member_stay" jdbcType="DECIMAL" property="memberStay"/>
        <result column="check_in_time" jdbcType="TIMESTAMP" property="checkInTime"/>
        <result column="check_out_time" jdbcType="TIMESTAMP" property="checkOutTime"/>
        <result column="no_show" jdbcType="INTEGER" property="noShow"/>
        <result column="room_nights" jdbcType="INTEGER" property="roomNights"/>
        <result column="member_grade_id" jdbcType="INTEGER" property="gradeId"/>
        <result column="consume_points_factor" jdbcType="DOUBLE" property="consumePointsFactor"/>
        <result column="bonus_points_factor" jdbcType="DOUBLE" property="bonusPointsFactor"/>
        <result column="update_flag" jdbcType="INTEGER" property="updateFlag"/>
        <result column="batch_sync_time" jdbcType="TIMESTAMP" property="batchSyncTime"/>
    </resultMap>

    <insert id="insertMemberOrder" parameterType="com.oyo.ump.member.dal.model.MemberOrderEntity">
        insert into member_checkout_order_sync (
            booking_sn,
            order_sn,
            order_source,
            order_create_time,
            order_pay_time,
            hotel_id,
            paid_amount,
            room_nights_amount,
            member_id,
            member_name,
            is_member_stay,
            check_in_time,
            check_out_time,
            no_show,
            room_nights,
            member_grade_id,
            consume_points_factor,
            bonus_points_factor
        )
        values (
            #{bookingSn},
            #{orderSn},
            #{orderSource},
            #{orderTime},
            #{payTime},
            #{hotelId},
            #{paidAmount},
            #{roomNightsPaidAmount},
            #{userId},
            #{username},
            #{memberStay},
            #{checkInTime},
            #{checkOutTime},
            #{noShow},
            #{roomNights},
            #{gradeId},
            #{consumePointsFactor},
            #{bonusPointsFactor}
        )
    </insert>

    <select id="getUnProcessedOrderList" parameterType="java.util.Map" resultMap="BaseResultMap">
        select
            id,
            booking_sn,
            order_sn,
            order_source,
            order_create_time,
            order_pay_time,
            hotel_id,
            paid_amount,
            room_nights_amount,
            member_id,
            member_name,
            is_member_stay,
            check_in_time,
            check_out_time,
            no_show,
            room_nights,
            member_grade_id,
            consume_points_factor,
            bonus_points_factor,
            batch_sync_time
        from member_checkout_order_sync
        where update_flag=0 and
        batch_sync_time<![CDATA[<]]>#{calcTime}
        limit #{batchSize}
    </select>


    <update id="updateMemberOrder" parameterType="com.oyo.ump.member.dal.model.MemberOrderEntity">
        update member_checkout_order_sync
        <trim prefix="set" suffixOverrides=",">
            <if test="consumePoints!=null">
                consume_points = #{consumePoints},
            </if>
            <if test="bonusPoints!=null">
                bonus_points = #{bonusPoints},
            </if>
            <if test="actualRoomNights!=null">
                actual_room_nights = #{actualRoomNights},
            </if>
            update_flag = 1
            where id = #{id}
        </trim>
    </update>

    <select id="queryOrderList" parameterType="java.util.Map" resultMap="BaseResultMap">
        select
         id,
            booking_sn,
            order_sn,
            order_source,
            order_create_time,
            order_pay_time,
            hotel_id,
            paid_amount,
            room_nights_amount,
            member_id,
            member_name,
            is_member_stay,
            check_in_time,
            check_out_time,
            no_show,
            room_nights,
            member_grade_id,
            consume_points_factor,
            bonus_points_factor
            from member_checkout_order_sync
            where   member_id=#{userId}
            and order_sn in
        <foreach item="item" index="index" collection="list" open="(" separator="," close=")">
            #{item}
        </foreach>


    </select>

    <select id="getOrderByOrderSn" parameterType="string" resultMap="BaseResultMap">
       select
         id,
            booking_sn,
            order_sn,
            order_source,
            order_create_time,
            order_pay_time,
            hotel_id,
            paid_amount,
            room_nights_amount,
            member_id,
            member_name,
            is_member_stay,
            check_in_time,
            check_out_time,
            no_show,
            room_nights,
            member_grade_id,
            consume_points_factor,
            bonus_points_factor
            from member_checkout_order_sync
            where order_sn=#{orderSn}
    </select>
    <update id="update" parameterType="com.oyo.ump.member.dal.model.MemberOrderEntity">
        update member_checkout_order_sync
        <trim prefix="set" suffixOverrides=",">
            <if test="memberStay!=null">
                is_member_stay = #{memberStay},
            </if>
            <if test="username!=null">
                member_name = #{username},
            </if>
            <if test="consumePointsFactor!=null">
                consume_points_factor = #{consumePointsFactor},
            </if>
            <if test="bonusPointsFactor!=null">
                bonus_points_factor = #{bonusPointsFactor},
            </if>
            <if test="roomNights!=null">
                room_nights = #{roomNights},
            </if>
            <if test="noShow!=null">
                no_show = #{noShow},
            </if>
        </trim>
        where order_sn=#{orderSn}
    </update>

</mapper>
