<?xml version="1.0" encoding="UTF-8"?>
<!DOCTYPE mapper PUBLIC "-//mybatis.org//DTD Mapper 3.0//EN" "http://mybatis.org/dtd/mybatis-3-mapper.dtd">
<mapper namespace="com.oyo.ump.member.dal.dao.PushEventMetaMapper">
    <resultMap id="BaseResultMap" type="com.oyo.ump.member.dal.model.PushEventMetaEntity">
        <result column="id" jdbcType="BIGINT" property="id" />
        <result column="event_name" jdbcType="VARCHAR" property="eventName" />
        <result column="event_key" jdbcType="VARCHAR" property="eventKey"/>
        <result column="create_time" jdbcType="TIMESTAMP" property="createTime" />
        <result column="update_time" jdbcType="TIMESTAMP" property="updateTime" />
        <result column="is_deleted" jdbcType="INTEGER" property="isDeleted" />
    </resultMap>

    <select id="selectAll" resultMap="BaseResultMap">
      select
        id,
        event_name,
        event_key,
        create_time,
        update_time,
        is_deleted
        FROM member_push_event_meta_config
        where is_deleted = 0
    </select>
</mapper>
