<?xml version="1.0" encoding="UTF-8"?>
<!DOCTYPE mapper PUBLIC "-//mybatis.org//DTD Mapper 3.0//EN" "http://mybatis.org/dtd/mybatis-3-mapper.dtd">
<mapper namespace="com.oyo.ump.member.dal.dao.PushTemplateRelationMapper">
    <resultMap id="BaseResultMap" type="com.oyo.ump.member.dal.model.PushTemplateRelationEntity">
        <result column="id" jdbcType="BIGINT" property="id" />
        <result column="push_id" jdbcType="BIGINT" property="pushId" />
        <result column="template_num" jdbcType="VARCHAR" property="templateNum" />
        <result column="trigger_channel" jdbcType="INTEGER" property="triggerChannel" />
        <result column="percent" jdbcType="INTEGER" property="percent" />
        <result column="template_content_parameter" jdbcType="VARCHAR" property="templateContentParameter" />
        <result column="template_url_id" jdbcType="BIGINT" property="templateUrlId"/>
        <result column="template_url_parameter" jdbcType="VARCHAR" property="templateUrlParameter"/>
        <result column="template_utm_parameter" jdbcType="VARCHAR" property="templateUtmParameter"/>
        <result column="extra_parameter" jdbcType="VARCHAR" property="extraParameter"/>
        <result column="content_params" jdbcType="VARCHAR" property="contentParams"/>
        <result column="url_params" jdbcType="VARCHAR" property="urlParams"/>
    </resultMap>

    <select id="getRelationsByPushId" parameterType="java.lang.Long" resultMap="BaseResultMap">
      select
        id,
        push_id,
        template_num,
        trigger_channel,
        template_content_parameter,
        template_url_id,
        template_url_parameter,
        template_utm_parameter,
        extra_parameter,
        content_params,
        url_params,
        percent
        FROM member_push_template_relation
        where push_id = #{pushId, jdbcType=BIGINT} and is_deleted = 0
    </select>

    <insert id="insertRelation" useGeneratedKeys="true" keyProperty="id">
      insert into member_push_template_relation (
            push_id,
            template_num,
            trigger_channel,
            template_content_parameter,
            template_url_id,
            template_url_parameter,
            template_utm_parameter,
            extra_parameter,
            content_params,
            url_params,
            percent
        )
        values
        (
            #{pushId},
            #{templateNum},
            #{triggerChannel},
            #{templateContentParameter},
            #{templateUrlId},
            #{templateUrlParameter},
            #{templateUtmParameter},
            #{extraParameter},
            #{contentParams},
            #{urlParams},
            #{percent}
        )
    </insert>

    <delete id="deleteRelationByPushId" parameterType="java.lang.Long">
        delete from member_push_template_relation WHERE push_id = #{pushId}
    </delete>

</mapper>
