<?xml version="1.0" encoding="UTF-8"?>
<!DOCTYPE mapper PUBLIC "-//mybatis.org//DTD Mapper 3.0//EN" "http://mybatis.org/dtd/mybatis-3-mapper.dtd">
<mapper namespace="com.oyo.ump.member.dal.dao.PushPromotionMapper">
    <resultMap id="BaseResultMap" type="com.oyo.ump.member.dal.model.PushPromotionEntity">
        <result column="id" jdbcType="BIGINT" property="id" />
        <result column="promotion_type" jdbcType="VARCHAR" property="promotionType"/>
        <result column="promotion_id" jdbcType="VARCHAR" property="promotionId"/>
        <result column="start_time" jdbcType="VARCHAR" property="startTime"/>
        <result column="push_id" jdbcType="BIGINT" property="pushId" />
        <result column="crowd_id" jdbcType="BIGINT" property="crowdId" />
        <result column="create_time" jdbcType="TIMESTAMP" property="createTime" />
    </resultMap>

    <select id="selectByCondition" resultMap="BaseResultMap">
      select
        id,
        promotion_type,
        promotion_id,
        start_time,
        push_id,
        crowd_id,
        create_time
        FROM member_push_promotion
        <trim prefix="where" prefixOverrides="AND">
            <if test="promotionType != null and promotionType != ''">and promotion_type = #{promotionType}</if>
            <if test="promotionId != null and promotionId != ''">and promotion_id = #{promotionId}</if>
            <if test="startTime != null and startTime != ''">and start_time = #{startTime}</if>
        </trim>
    </select>

    <insert id="insert">
        insert ignore into member_push_promotion (
            promotion_type,
            promotion_id,
            start_time,
            push_id,
            crowd_id
        )
        values
        (
            #{promotionType},
            #{promotionId},
            #{startTime},
            #{pushId},
            #{crowdId}
        )
    </insert>
</mapper>
