<?xml version="1.0" encoding="UTF-8"?>
<!DOCTYPE mapper PUBLIC "-//mybatis.org//DTD Mapper 3.0//EN" "http://mybatis.org/dtd/mybatis-3-mapper.dtd">
<mapper namespace="com.oyo.ump.member.dal.dao.PushMessageMapper">
    <resultMap id="BaseResultMap" type="com.oyo.ump.member.dal.model.PushMessageEntity">
        <result column="id" jdbcType="INTEGER" property="id"/>
        <result column="member_id" jdbcType="INTEGER" property="memberId"/>
        <result column="templete_id" jdbcType="INTEGER" property="templeteId"/>
        <result column="member_push_id" jdbcType="INTEGER" property="memberPushId"/>
        <result column="message_detail" jdbcType="VARCHAR" property="messageDetail"/>
        <result column="create_time" jdbcType="TIMESTAMP" property="createTime"/>
        <result column="event_key" jdbcType="VARCHAR" property="eventKey"/>
        <result column="batch_no" jdbcType="VARCHAR" property="batchNo"/>
        <result column="uniform_template_id" jdbcType="VARCHAR" property="uniformTemplateId"/>
        <result column="status" jdbcType="INTEGER" property="status"/>
        <result column="push_job_record_id" jdbcType="INTEGER" property="pushJobRecordId"/>
        <result column="is_deleted" jdbcType="INTEGER" property="isDeleted"/>
    </resultMap>
    <select id="countPushMessageByCreateTime" resultType="java.lang.Integer">
        select
        count(1)
        from
        member_push_message
        where
        is_deleted=0
        and
        member_id=#{pushMessageEntity.memberId}
        and
        member_push_id=#{pushMessageEntity.memberPushId}
        and
        <![CDATA[
            create_time>#{startTime}
            and
            create_time<#{pushMessageEntity.createTime}

        ]]>
    </select>

    <insert id="insertPushMessageEntity" parameterType="com.oyo.ump.member.dal.model.PushMessageEntity">
        insert into member_push_message
        (member_id,uniform_template_id,member_push_id,event_key,push_job_record_id,is_deleted,batch_no,message_detail)
        values(
        #{memberId},#{uniformTemplateId},#{memberPushId},#{eventKey},#{pushJobRecordId},#{isDeleted},#{batchNo},#{messageDetail}
        )
    </insert>


    <insert id="insertPushMessageEntityList" parameterType="java.util.List">
        insert into member_push_message
        ( member_id,
        member_push_id,
        batch_no,
        uniform_template_id,
        status,
        push_job_record_id,
        is_deleted,
        message_detail
        )
        values
        <foreach collection="list" item="item" index="index" separator=",">
            (
            #{item.memberId},
            #{item.memberPushId},
            #{item.batchNo},
            #{item.uniformTemplateId},
            #{item.status},
            #{item.pushJobRecordId},
            #{item.isDeleted},
            #{item.messageDetail}
            )
        </foreach>
    </insert>

    <insert id="insertPushMessageEntityListWithKey" parameterType="java.util.List" useGeneratedKeys="true" keyProperty="id">
        insert into member_push_message
        ( member_id,
        member_push_id,
        batch_no,
        uniform_template_id,
        status,
        push_job_record_id,
        is_deleted,
        message_detail
        )
        values
        <foreach collection="list" item="item" index="index" separator=",">
            (
            #{item.memberId},
            #{item.memberPushId},
            #{item.batchNo},
            #{item.uniformTemplateId},
            #{item.status},
            #{item.pushJobRecordId},
            #{item.isDeleted},
            #{item.messageDetail}
            )
        </foreach>
    </insert>

    <update id="updatePushMessageByIdsAndBatchNo">
        update member_push_message
        set
        batch_no=#{batchNo},
        status=1
        where
        id
        <foreach collection="list" item="item" index="index" open="in (" separator="," close=")">
            #{item}
        </foreach>
    </update>

    <select id="findNoPushMessageByStatusAndJobId" resultMap="BaseResultMap">
        select
        `id`,
        `member_id`,
        `templete_id`,
        `member_push_id`,
        `message_detail`,
        `create_time`,
        `event_key`,
        `batch_no`,
        `uniform_template_id`,
        `status`,
        `push_job_record_id`,
        `is_deleted`
        from
        member_push_message
        where
        is_deleted=0
        and
        status=0
        and
        `push_job_record_id`=#{pushJobId}
        limit #{limitNum}
    </select>

    <select id="getWaitSendMessage" resultMap="BaseResultMap">
        select
        `id`,
        `member_id`,
        `templete_id`,
        `member_push_id`,
        `message_detail`,
        `create_time`,
        `event_key`,
        `batch_no`,
        `uniform_template_id`,
        `status`,
        `push_job_record_id`,
        `is_deleted`
        from
        member_push_message
        where
        is_deleted=0
        and
        status=0
        and
        `push_job_record_id`=#{pushJobId}
        and
        `uniform_template_id`=#{templateId}
        limit #{limitNum}
    </select>

    <select id="countPushMessageByJobId" resultType="java.lang.Long">
            select
             count(`id`)
            from
            member_push_message
            where
            is_deleted=0
            and
            `push_job_record_id`=#{pushJobId}
    </select>
    <select id="getUserIdsByInterval" parameterType="map" resultType="long">
        SELECT member_id  FROM member_push_message where member_id in
        <foreach collection="userIds" item="item" open="(" separator="," close=")">
            #{item}
        </foreach>
        and member_push_id = #{pushId} and create_time &gt; #{date} ;
    </select>

</mapper>
