<?xml version="1.0" encoding="UTF-8"?>
<!DOCTYPE mapper PUBLIC "-//mybatis.org//DTD Mapper 3.0//EN" "http://mybatis.org/dtd/mybatis-3-mapper.dtd">
<mapper namespace="com.oyo.ump.member.dal.dao.PushJobRecordMapper">
    <resultMap id="baseResultMap" type="com.oyo.ump.member.dal.model.PushJobRecordEntity">
        <result column="id" jdbcType="BIGINT" property="id" />
        <result column="member_push_id" jdbcType="BIGINT" property="memberPushId" />
        <result column="send_type" jdbcType="INTEGER" property="sendType" />
        <result column="send_status" jdbcType="INTEGER" property="sendStatus" />
        <result column="create_time" jdbcType="TIMESTAMP" property="createTime" />
        <result column="update_time" jdbcType="TIMESTAMP" property="updateTime" />
        <result column="send_time" jdbcType="TIMESTAMP" property="sendTime" />
        <result column="result_message" jdbcType="VARCHAR" property="resultMessage" />
    </resultMap>

    <insert id="insert" useGeneratedKeys="true" keyProperty="id">
         insert into `member_push_job_record`
            (
                 `member_push_id`,
                 `send_type`,
                 `send_status`,
                 `send_time`,
                 `result_message`
            )
        values
            (
                #{memberPushId},
                #{sendType},
                #{sendStatus},
                #{sendTime},
                #{resultMessage}
            )
    </insert>

    <insert id="insertList"  parameterType="java.util.List" >
           insert into `member_push_job_record`
            (
                 `member_push_id`,
                 `send_type`,
                 `send_status`,
                 `send_time`,
                 `result_message`
            )
        values
        <foreach collection="list" item="item" index="index" separator=",">
            (
            #{item.memberPushId},
            #{item.sendType},
            #{item.sendStatus},
            #{item.sendTime},
            #{item.resultMessage}
            )
        </foreach>
    </insert>

    <update id="updateStatus">
      update
        `member_push_job_record`
      set
        `send_status`=#{status}
      where
        `id`=#{id}
    </update>

    <delete id="deleteNotSendByPushId">
      delete from `member_push_job_record` where member_push_id=#{pushId} and  `send_status`=1
    </delete>


    <select id="findByPushIdAndStatus" resultMap="baseResultMap">
        select
        `id`,
        `member_push_id`,
        `send_type`,
        `create_time`,
        `send_status`,
        `update_time`,
        `send_time`,
        `result_message`
        from
        `member_push_job_record`
        where
        `member_push_id`=#{pushId}
        and
         `send_status`=#{status}
    </select>

    <select id="findByPushId" resultMap="baseResultMap">
         select
        `id`,
        `member_push_id`,
        `send_type`,
        `create_time`,
        `send_status`,
        `update_time`,
        `send_time`,
        `result_message`
        from
        `member_push_job_record`
        where
        `member_push_id`=#{pushId}
    </select>

    <select id="findByTimeInterval"  resultMap="baseResultMap">
        select
        `id`,
        `member_push_id`,
        `send_type`,
        `create_time`,
        `send_status`,
        `update_time`,
        `send_time`,
        `result_message`
        from
        `member_push_job_record`
        where
        `send_type` in(2,3)
        and
        `send_status`= 1
        and
       <![CDATA[
        `send_time`>=#{startTime}
        and
        `send_time`< #{endTime}
        ]]>
    </select>

    <select id="findTimeOut" resultMap="baseResultMap">
        select
            `id`,
            `member_push_id`,
            `send_type`,
            `create_time`,
            `send_status`,
            `update_time`,
            `send_time`,
            `result_message`
            from
            `member_push_job_record`
            where
            `send_type` in(2,3)
            and
            `send_status`= 4
            and
            <![CDATA[
            `send_time` < now()
            ]]>
    </select>


<!-- <select id="findPushJobRecord" resultMap="baseResultMap">-->
<!--        select-->
<!--        `id`,-->
<!--        `member_push_id`,-->
<!--        `send_type`,-->
<!--        `create_time`,-->
<!--        `send_status`,-->
<!--        `update_time`,-->
<!--        `result_message`-->
<!--        from-->
<!--        `member_push_job_record`-->
<!--        where-->
<!--        `send_type`=#{sendType}-->
<!--        and-->
<!--         `member_push_id`=#{pushId}-->
<!--        and-->
<!--         `send_status`=#{sendStatus}-->
<!-- </select>-->

<!--    <insert id="insertPushJobRecordEntity" useGeneratedKeys="true" keyProperty="id">-->
<!--        insert into `member_push_job_record`-->
<!--        (-->
<!--         `member_push_id`,-->
<!--         `send_type`,-->
<!--         `send_status`,-->
<!--         `result_message`-->
<!--      ) values (-->
<!--        #{memberPushId},-->
<!--        #{sendType},-->
<!--        #{sendStatus},-->
<!--        #{resultMessage}-->
<!--      )-->
<!--    </insert>-->
<!--    <update id="updatePushJobRecordEntity">-->
<!--        update  `member_push_job_record`-->
<!--        set-->
<!--        `send_status`=#{status},-->
<!--        `result_message`=#{resultMessage}-->
<!--        where-->
<!--        `id`=#{id}-->
<!--    </update>-->
<!--    <delete id="deletePushJobRecordById">-->
<!--        delete from  `member_push_job_record` where id=#{id}-->
<!--    </delete>-->

<!--    <select id="findCyclePushJobRecord" resultMap="baseResultMap">-->
<!--        select-->
<!--        `id`,-->
<!--        `member_push_id`,-->
<!--        `send_type`,-->
<!--        `create_time`,-->
<!--        `send_status`,-->
<!--        `update_time`,-->
<!--        `result_message`-->
<!--        from-->
<!--        `member_push_job_record`-->
<!--        where-->
<!--         `member_push_id`=#{pushId}-->
<!--         and-->
<!--        `send_type`=3-->
<!--         order by-->
<!--         create_time desc-->
<!--         limit 1-->
<!--    </select>-->

<!--    <select id="findExceptionJob"  resultMap="baseResultMap">-->
<!--          select-->
<!--        `id`,-->
<!--        `member_push_id`,-->
<!--        `send_type`,-->
<!--        `create_time`,-->
<!--        `send_status`,-->
<!--        `update_time`,-->
<!--        `result_message`-->
<!--        from-->
<!--        `member_push_job_record`-->
<!--        where-->
<!--        `send_status`=3-->
<!--    </select>-->

</mapper>
