<?xml version="1.0" encoding="UTF-8"?>
<!DOCTYPE mapper PUBLIC "-//mybatis.org//DTD Mapper 3.0//EN" "http://mybatis.org/dtd/mybatis-3-mapper.dtd">
<mapper namespace="com.oyo.ump.member.dal.dao.PushRuleMapper">
    <resultMap id="BaseResultMap" type="com.oyo.ump.member.dal.model.PushRuleEntity">
        <result column="id" jdbcType="BIGINT" property="id" />
        <result column="delineation_name" jdbcType="VARCHAR" property="delineationName" />
        <result column="event_type" jdbcType="INTEGER" property="eventType"/>
        <result column="event_key" jdbcType="VARCHAR" property="eventKey"/>
        <result column="rule_detail" jdbcType="VARCHAR" property="ruleDetail"/>
        <result column="create_time" jdbcType="TIMESTAMP" property="createTime" />
        <result column="update_time" jdbcType="TIMESTAMP" property="updateTime" />
        <result column="is_deleted" jdbcType="INTEGER" property="isDeleted" />
    </resultMap>

    <select id="selectById" parameterType="java.lang.Long" resultMap="BaseResultMap">
      select
        id,
        delineation_name,
        event_key,
        event_type,
        rule_detail,
        create_time,
        update_time,
        is_deleted
        FROM member_push_rule
        where id = #{id} and is_deleted = 0
    </select>

    <select id="selectAll" resultMap="BaseResultMap">
      select
        id,
        delineation_name,
        event_key,
        event_type,
        rule_detail,
        create_time,
        update_time,
        is_deleted
        FROM member_push_rule
        where is_deleted = 0
    </select>

    <select id="selectByEventKey" resultMap="BaseResultMap">
        select
        id,
        delineation_name,
        event_key,
        event_type,
        rule_detail,
        create_time,
        update_time,
        is_deleted
        FROM member_push_rule
        where is_deleted = 0
        and
        event_key=#{eventKey}
    </select>

    <select id="selectByDetail" resultMap="BaseResultMap">
         select
        id,
        delineation_name,
        event_key,
        event_type,
        rule_detail,
        create_time,
        update_time,
        is_deleted
        FROM member_push_rule
        where is_deleted = 0
        and
        rule_detail=#{eventDetail}
    </select>

    <insert id="insert" useGeneratedKeys="true" keyProperty="id">
        insert into member_push_rule (
            event_type,
            rule_detail,
            delineation_name,
            event_key
        )
        values
        (
            #{eventType},
            #{ruleDetail},
            #{delineationName},
            #{eventKey}
        )
    </insert>

    <update id="update" >
        update member_push_rule
        <trim prefix="set" suffixOverrides=",">
            <if test="item.eventType != null">event_type = #{item.eventType},</if>
            <if test="item.ruleDetail != null">rule_detail = #{item.ruleDetail},</if>
            <if test="item.delineationName != null">delineation_name = #{item.delineationName},</if>
            <if test="item.eventKey != null">event_key = #{item.eventKey},</if>
        </trim>
        where id = #{rule}
    </update>


    <select id="selectPersonasRuleById" resultMap="BaseResultMap">
        select
        id,
        delineation_name,
        event_key,
        event_type,
        create_time,
        update_time,
        rule_detail,
        is_deleted
        FROM member_push_rule
         where id = #{id} and is_deleted = 0 and event_type=1
    </select>
</mapper>
