<?xml version="1.0" encoding="UTF-8"?>
<!DOCTYPE mapper PUBLIC "-//mybatis.org//DTD Mapper 3.0//EN" "http://mybatis.org/dtd/mybatis-3-mapper.dtd">
<mapper namespace="com.oyo.ump.member.dal.dao.PushMapper">
    <resultMap id="BaseResultMap" type="com.oyo.ump.member.dal.model.PushEntity">
        <result column="id" jdbcType="BIGINT" property="id" />
        <result column="push_name" jdbcType="VARCHAR" property="pushName" />
        <result column="push_status" jdbcType="INTEGER" property="pushStatus" />
        <result column="description" jdbcType="VARCHAR" property="description" />
        <result column="department_id" jdbcType="BIGINT" property="departmentId" />
        <result column="trigger_type" jdbcType="INTEGER" property="triggerType" />
        <result column="uniform_template_id" jdbcType="VARCHAR" property="uniformTemplateId" />
        <result column="send_type" jdbcType="INTEGER" property="sendType" />
        <result column="send_config" jdbcType="VARCHAR" property="sendConfig" />
        <result column="validity_flag" jdbcType="INTEGER" property="validityFlag" />
        <result column="validity_start" jdbcType="TIMESTAMP" property="validityStart" />
        <result column="validity_end" jdbcType="TIMESTAMP" property="validityEnd" />
        <result column="send_frequency" jdbcType="VARCHAR" property="sendFrequency" />
        <result column="rule" jdbcType="BIGINT" property="rule" />
        <result column="trigger_channel" jdbcType="INTEGER" property="triggerChannel" />
        <result column="push_template_id" jdbcType="INTEGER" property="pushTemplateId" />
        <result column="trigger_reward" jdbcType="VARCHAR" property="triggerReward" />
        <result column="create_time" jdbcType="TIMESTAMP" property="createTime" />
        <result column="create_user_id" jdbcType="BIGINT" property="createUserId" />
        <result column="create_user_name" jdbcType="VARCHAR" property="createUserName" />
        <result column="update_time" jdbcType="TIMESTAMP" property="updateTime" />
        <result column="update_user_id" jdbcType="BIGINT" property="updateUserId" />
        <result column="update_user_name" jdbcType="VARCHAR" property="updateUserName" />
        <result column="is_deleted" jdbcType="INTEGER" property="isDeleted" />
        <result column="is_finish" jdbcType="INTEGER" property="isFinish" />
        <result column="user_type" jdbcType="INTEGER" property="userType" />
    </resultMap>

    <select id="selectById" parameterType="java.lang.Long" resultMap="BaseResultMap">
      select
        id,
        push_name,
        push_status,
        description,
        department_id,
        trigger_type,
        uniform_template_id,
        send_type,
        send_config,
        validity_flag,
        validity_start,
        validity_end,
        send_frequency,
        rule,
        trigger_channel,
        push_template_id,
        trigger_reward,
        create_time,
        create_user_id,
        create_user_name,
        update_time,
        update_user_id,
        update_user_name,
        is_deleted,
        is_finish,
        user_type
        FROM member_push
        where id = #{id, jdbcType=BIGINT} and is_deleted = 0
    </select>

    <select id="selectByIds" resultMap="BaseResultMap">
       select
        id,
        push_name,
        push_status,
        description,
        department_id,
        trigger_type,
        uniform_template_id,
        send_type,
        send_config,
        validity_flag,
        validity_start,
        validity_end,
        send_frequency,
        rule,
        trigger_channel,
        push_template_id,
        trigger_reward,
        create_time,
        create_user_id,
        create_user_name,
        update_time,
        update_user_id,
        update_user_name,
        is_deleted,
        is_finish,
        user_type
        FROM member_push
        where
        id IN
        <foreach item="myItem" index="index" collection="ids"
                 open="(" separator="," close=")" >
            #{myItem}
        </foreach>
    </select>

    <select id="selectByCondition" parameterType ="com.oyo.ump.member.dal.model.PushEntity" resultMap="BaseResultMap">
      select
        id,
        push_name,
        push_status,
        description,
        department_id,
        trigger_type,
        uniform_template_id,
        send_type,
        send_config,
        validity_flag,
        validity_start,
        validity_end,
        send_frequency,
        rule,
        trigger_channel,
        push_template_id,
        trigger_reward,
        create_time,
        create_user_id,
        create_user_name,
        update_time,
        update_user_id,
        update_user_name,
        is_deleted,
        is_finish,
        user_type
        FROM member_push
        <trim prefix="where" prefixOverrides="AND">
            <if test="startTime != null">and create_time <![CDATA[>=]]> #{startTime}</if>
            <if test="endTime != null">and create_time <![CDATA[<=]]> #{endTime}</if>
            <if test="pushName != null and pushName != ''">and push_name LIKE "%"#{pushName}"%"</if>
            <if test="departmentId != null">and department_id = #{departmentId}</if>
            <if test="triggerType != null">and trigger_type = #{triggerType}</if>
            <if test="triggerChannel != null">and trigger_channel = #{triggerChannel}</if>
            <if test="createUserName != null and createUserName != ''">and create_user_name LIKE "%"#{createUserName}"%"</if>
            <if test="pushStatus != null">and push_status = #{pushStatus}</if>
            <if test="userType != null">and user_type = #{userType}</if>
            <if test="createUserId != null">and create_user_id = #{createUserId}</if>
            and is_deleted = 0
        </trim>
        order by create_time desc
    </select>

    <insert id="insertPush" parameterType="com.oyo.ump.member.dal.model.PushEntity" useGeneratedKeys="true" keyProperty="id">
      insert into member_push(
        push_name,
        push_status,
        description,
        department_id,
        trigger_type,
        uniform_template_id,
        send_type,
        send_config,
        validity_flag,
        validity_start,
        validity_end,
        send_frequency,
        rule,
        trigger_channel,
        push_template_id,
        trigger_reward,
        create_user_id,
        create_user_name,
        is_deleted,
        is_finish,
        user_type
      ) values (
        #{pushName},
        #{pushStatus},
        #{description},
        #{departmentId},
        #{triggerType},
        #{uniformTemplateId},
        #{sendType},
        #{sendConfig},
        #{validityFlag},
        #{validityStart},
        #{validityEnd},
        #{sendFrequency},
        #{rule},
        #{triggerChannel},
        #{pushTemplateId},
        #{triggerReward},
        #{createUserId},
        #{createUserName},
        0,
        0,
        #{userType}
      )
    </insert>

    <update id="updatePushCrowdInfo" parameterType="com.oyo.ump.member.dal.model.PushEntity">
        update member_push
        <trim prefix="set" suffixOverrides=",">
            <if test="pushName != null and pushName != ''">push_name = #{pushName},</if>
            <if test="pushStatus != null">push_status = #{pushStatus},</if>
            <if test="description != null">description = #{description},</if>
            <if test="departmentId != null">department_id = #{departmentId},</if>
            <if test="triggerType != null">trigger_type = #{triggerType},</if>
            <if test="uniformTemplateId != null and uniformTemplateId !=''">uniform_template_id = #{uniformTemplateId},</if>
            validity_start = #{validityStart},
            validity_end = #{validityEnd},
            <if test="rule != null">rule = #{rule},</if>
            <if test="triggerChannel != null">trigger_channel = #{triggerChannel},</if>
            <if test="pushTemplateId != null and pushTemplateId != ''">push_template_id = #{pushTemplateId},</if>
            <if test="triggerReward != null and triggerReward != ''">trigger_reward = #{triggerReward},</if>
            <if test="updateUserId != null">update_user_id = #{updateUserId},</if>
            <if test="updateUserName != null and updateUserName != ''">update_user_name = #{updateUserName},</if>
            <if test="userType != null">user_type = #{userType},</if>
        </trim>
        where id = #{id}
    </update>

    <update id="updatePushSendRule" parameterType="com.oyo.ump.member.dal.model.PushEntity">
        update member_push
        <trim prefix="set" suffixOverrides=",">
            <if test="sendType != null">send_type = #{sendType},</if>
            <if test="sendConfig != null and sendConfig != ''">send_config = #{sendConfig},</if>
            <if test="validityFlag != null">validity_flag = #{validityFlag},</if>
            <if test="sendFrequency != null and sendFrequency != ''">send_frequency = #{sendFrequency},</if>
            <if test="updateUserId != null">update_user_id = #{updateUserId},</if>
            <if test="updateUserName != null and updateUserName != ''">update_user_name = #{updateUserName},</if>
            is_finish = 1
        </trim>
        where id = #{id}
    </update>

    <update id="updateSwitch" parameterType="com.oyo.ump.member.dal.model.PushEntity">
        update member_push
        <trim prefix="set" suffixOverrides=",">
            <if test="pushStatus != null">push_status = #{pushStatus}</if>
        </trim>
        where id = #{id}
    </update>

    <update id="deletePush" parameterType="java.lang.Long">
        update member_push
        set is_deleted = 1
        where id = #{id}
    </update>

    <select id="selectByRuleIdsAndTriggerType" parameterType="java.util.List" resultMap="BaseResultMap">
        select
        id,
        push_name,
        push_status,
        description,
        department_id,
        trigger_type,
        validity_flag,
        validity_start,
        validity_end,
        send_frequency,
        rule,
        trigger_channel,
        push_template_id,
        uniform_template_id,
        trigger_reward,
        create_time,
        create_user_id,
        create_user_name,
        update_time,
        update_user_id,
        update_user_name,
        is_deleted,
        is_finish,
        user_type
        FROM member_push
        where is_deleted = 0
        and
        rule IN
        <foreach item="myItem" index="index" collection="ruleIds"
                 open="(" separator="," close=")" >
            #{myItem}
        </foreach>
        and
        push_status=1
        and
        trigger_type=#{triggerType}
    </select>

    <select id="selectPersonasTimingPush" resultMap="BaseResultMap">
          select
        member_push.id,
        member_push.push_name,
        member_push.push_status,
        member_push.description,
        member_push.department_id,
        member_push.trigger_type,
        member_push.uniform_template_id,
        member_push.send_type,
        member_push.send_config,
        member_push.validity_flag,
        member_push.validity_start,
        member_push.validity_end,
        member_push.send_frequency,
        member_push.rule,
        member_push.trigger_channel,
        member_push.push_template_id,
        member_push.trigger_reward,
        member_push.create_time,
        member_push.create_user_id,
        member_push.create_user_name,
        member_push.update_time,
        member_push.update_user_id,
        member_push.update_user_name,
        member_push.is_deleted,
        member_push.is_finish,
        member_push.user_type
        FROM member_push
        where member_push.is_deleted = 0
         and
        member_push.push_status=1
        and
         member_push.send_type=2
         and
         member_push.trigger_type in(1,4,5)
         and
         not exists (
          select
          `member_push_job_record`.`id`
          from
          `member_push_job_record`
          where
          `member_push_job_record`.`member_push_id`=member_push.id
         )
    </select>

    <select id="selectPersonasCyclePush" resultMap="BaseResultMap">
   select
        id,
        push_name,
        push_status,
        description,
        department_id,
        trigger_type,
        uniform_template_id,
        send_type,
        send_config,
        validity_flag,
        validity_start,
        validity_end,
        send_frequency,
        rule,
        trigger_channel,
        push_template_id,
        trigger_reward,
        create_time,
        create_user_id,
        create_user_name,
        update_time,
        update_user_id,
        update_user_name,
        is_deleted,
        is_finish,
        user_type
        FROM member_push
        where is_deleted = 0
         and
        push_status=1
        and
         send_type=3
          and
         trigger_type=1
    </select>

    <select id="selectEventTriggerPush" resultMap="BaseResultMap">
        select
        id,
        push_name,
        push_status,
        description,
        department_id,
        trigger_type,
        uniform_template_id,
        send_type,
        send_config,
        validity_flag,
        validity_start,
        validity_end,
        send_frequency,
        rule,
        trigger_channel,
        push_template_id,
        trigger_reward,
        create_time,
        create_user_id,
        create_user_name,
        update_time,
        update_user_id,
        update_user_name,
        is_deleted,
        is_finish,
        user_type
        FROM member_push
        where is_deleted = 0
        and push_status=1
        and trigger_type=3
    </select>
</mapper>
