<?xml version="1.0" encoding="UTF-8"?>
<!DOCTYPE mapper PUBLIC "-//mybatis.org//DTD Mapper 3.0//EN" "http://mybatis.org/dtd/mybatis-3-mapper.dtd">
<mapper namespace="com.oyo.ump.member.dal.dao.PushTempletesMapper">
    <resultMap id="BaseResultMap" type="com.oyo.ump.member.dal.model.PushTempletesEntity">
        <result column="id" jdbcType="BIGINT" property="id" />
        <result column="ali_templete_id" jdbcType="VARCHAR" property="aliTempleteId" />
        <result column="templete_name" jdbcType="VARCHAR" property="templeteName"/>
        <result column="detail" jdbcType="VARCHAR" property="detail"/>
        <result column="create_time" jdbcType="TIMESTAMP" property="createTime" />
        <result column="update_time" jdbcType="TIMESTAMP" property="updateTime" />
        <result column="is_deleted" jdbcType="INTEGER" property="isDeleted" />
    </resultMap>
    <select id="selectPushTempletesEntityById" resultMap="BaseResultMap">
         select
        `id`,
        `ali_templete_id`,
        `templete_name`,
        `detail`,
        `create_time`,
        `update_time`,
        `is_deleted`
        FROM member_push_templates
        where id = #{id} and is_deleted = 0
    </select>

    <select id="selectPushTempletesEntityByIds" resultMap="BaseResultMap">
        select
        `id`,
        `ali_templete_id`,
        `templete_name`,
        `detail`,
        `create_time`,
        `update_time`,
        `is_deleted`
        FROM member_push_templates
        where `is_deleted` = 0
        and
        `id` IN
        <foreach item="myItem" index="index" collection="ids"
                 open="(" separator="," close=")" >
            #{myItem}
        </foreach>
    </select>

    <select id="selectPushTempletesEntityByTemplateNo" resultMap="BaseResultMap">
        select
        `id`,
        `ali_templete_id`,
        `templete_name`,
        `detail`,
        `create_time`,
        `update_time`,
        `is_deleted`
        FROM member_push_templates
        where `is_deleted` = 0
        and
        `ali_templete_id` IN
        <foreach item="myItem" index="index" collection="ids"
                 open="(" separator="," close=")" >
            #{myItem}
        </foreach>
    </select>

    <select id="selectPushTemplatesEntityList" resultMap="BaseResultMap">
          select
        `id`,
        `ali_templete_id`,
        `templete_name`,
        `detail`,
        `create_time`,
        `update_time`,
        `is_deleted`
        FROM member_push_templates
        where `is_deleted` = 0
    </select>

    <update id="updatePushTemplateMap" >
        update member_push_templates
        set
        `templete_name`=#{item.templeteName},
         `detail`=#{item.detail},
         `ali_templete_id`=#{item.aliTempleteId}
        where id = #{item.id}
    </update>
    <insert id="insertPushTemplateMap">
        insert into member_push_templates (
           `ali_templete_id`,
           `templete_name`,
           `detail`,
           `is_deleted`
        )
        values
        (
          #{item.aliTempleteId},
          #{item.templeteName},
          #{item.detail},
            0
        )
    </insert>
</mapper>
