<?xml version="1.0" encoding="UTF-8"?>
<!DOCTYPE mapper PUBLIC "-//mybatis.org//DTD Mapper 3.0//EN" "http://mybatis.org/dtd/mybatis-3-mapper.dtd">
<mapper namespace="com.oyo.ump.member.dal.dao.PushExtraMapper">
    <resultMap id="BaseResultMap" type="com.oyo.ump.member.dal.model.PushExtraEntity">
        <result column="id" jdbcType="BIGINT" property="id" />
        <result column="push_id" jdbcType="BIGINT" property="pushId" />
        <result column="act_user_type" jdbcType="VARCHAR" property="actUserType" />
        <result column="act_type" jdbcType="VARCHAR" property="actType" />
        <result column="act_type_detail" jdbcType="VARCHAR" property="actTypeDetail" />
        <result column="coupon_code" jdbcType="VARCHAR" property="couponCode" />
        <result column="coupon_amount" jdbcType="VARCHAR" property="couponAmount" />
        <result column="coupon_type" jdbcType="VARCHAR" property="couponType" />
    </resultMap>

    <select id="selectByPushId" parameterType="java.lang.Long" resultMap="BaseResultMap">
      select
        id,
        push_id,
        act_user_type,
        act_type,
        act_type_detail,
        coupon_code,
        coupon_amount,
        coupon_type
        FROM member_push_extra
        where push_id = #{push_id, jdbcType=BIGINT}
    </select>

    <insert id="insert">
        insert into member_push_extra (
        push_id,
        act_user_type,
        act_type,
        act_type_detail,
        coupon_code,
        coupon_amount,
        coupon_type
        )
        values
        (
        #{pushId},
        #{actUserType},
        #{actType},
        #{actTypeDetail},
        #{couponCode},
        #{couponAmount},
        #{couponType}
        )
    </insert>

    <delete id="deleteByPushId" parameterType="java.lang.Long">
        delete from member_push_extra WHERE push_id = #{push_id, jdbcType=BIGINT}
    </delete>

</mapper>
