<?xml version="1.0" encoding="UTF-8"?>
<!DOCTYPE mapper PUBLIC "-//mybatis.org//DTD Mapper 3.0//EN" "http://mybatis.org/dtd/mybatis-3-mapper.dtd">
<mapper namespace="com.oyo.ump.member.dal.dao.RetryMapper">
    <resultMap id="BaseResultMap" type="com.oyo.ump.member.dal.model.MemberRetryEntity">
        <result column="id" jdbcType="BIGINT" property="id"/>
        <result column="business_type" jdbcType="INTEGER" property="businessType"/>
        <result column="retry_count" jdbcType="INTEGER" property="retryCount"/>
        <result column="target_count" jdbcType="INTEGER" property="targetCount"/>
        <result column="status" jdbcType="INTEGER" property="status"/>
        <result column="business_params" jdbcType="VARCHAR" property="businessParams"/>
        <result column="target_class" jdbcType="VARCHAR" property="targetClass"/>
        <result column="target_method" jdbcType="VARCHAR" property="targetMethod"/>
        <result column="process_result" jdbcType="VARCHAR" property="processResult"/>
        <result column="target_result" jdbcType="VARCHAR" property="targetResult"/>
        <result column="field" jdbcType="VARCHAR" property="field"/>
    </resultMap>

    <insert id="insert" parameterType="com.oyo.ump.member.dal.model.MemberRetryEntity">
	insert into member_retry(business_type,retry_count,target_count,status,business_params,target_class,target_method,process_result,target_result,field)
	values(#{businessType},#{retryCount},#{targetCount},#{status},#{businessParams},#{targetClass},#{targetMethod},#{processResult},#{targetResult},#{field})
	</insert>

    <select id="getAll" resultMap="BaseResultMap" parameterType="map">
     select id,business_type,retry_count,target_count,status,business_params,target_class,process_result,target_result,field,target_method
      from member_retry where status=0 order by id  limit  #{start},#{num}

    </select>

    <update id="update" parameterType="com.oyo.ump.member.dal.model.MemberRetryEntity">
        update member_retry
        set retry_count=#{retryCount},
             status=#{status},
             process_result=#{processResult}
             where id=#{id}
    </update>
</mapper>
