<?xml version="1.0" encoding="UTF-8"?>
<!DOCTYPE mapper PUBLIC "-//mybatis.org//DTD Mapper 3.0//EN" "http://mybatis.org/dtd/mybatis-3-mapper.dtd">
<mapper namespace="com.oyo.ump.member.dal.dao.TemplateUrlParameterMapper">
    <resultMap id="BaseResultMap" type="com.oyo.ump.member.dal.model.TemplateUrlParameterEntity">
        <result column="id" jdbcType="BIGINT" property="id" />
        <result column="url_name" jdbcType="VARCHAR" property="urlName" />
        <result column="url_address" jdbcType="VARCHAR" property="urlAddress" />
        <result column="url_parameter" jdbcType="VARCHAR" property="urlParameter"/>
        <result column="url_type" jdbcType="INTEGER" property="urlType"/>
        <result column="mini_app_id" jdbcType="VARCHAR" property="miniAppId"/>
        <result column="mini_app_name" jdbcType="VARCHAR" property="miniAppName"/>
        <result column="default_param" jdbcType="VARCHAR" property="defaultParam"/>
        <result column="deeplink_url" jdbcType="VARCHAR" property="deeplinkUrl"/>

    </resultMap>
    <select id="getAllUrlParameter" parameterType="java.lang.Integer" resultMap="BaseResultMap">
         select
        `id`,
        `url_name`,
        `url_address`,
        `url_parameter`,
        `url_type`,
        `mini_app_id`,
        `mini_app_name`,
        `default_param`,
        `deeplink_url`,
        `is_deleted`
        FROM member_template_url_parameter
        where url_type = #{urlType} and is_deleted = 0
    </select>

    <select id="selectById" resultMap="BaseResultMap">
        select
        `id`,
        `url_name`,
        `url_address`,
        `url_parameter`,
        `url_type`,
        `mini_app_id`,
        `mini_app_name`,
        `default_param`,
        `deeplink_url`,
        `is_deleted`
        FROM member_template_url_parameter
        where id = #{id} and is_deleted = 0
    </select>
    <select id="getAllUrlParameterByMiniAppId" resultMap="BaseResultMap">
         select
        `id`,
        `url_name`,
        `url_address`,
        `url_parameter`,
        `url_type`,
        `mini_app_id`,
        `mini_app_name`,
        `default_param`,
        `deeplink_url`,
        `is_deleted`
        FROM member_template_url_parameter
        where mini_app_id = #{miniAppId} and is_deleted = 0
    </select>
</mapper>
