<?xml version="1.0" encoding="UTF-8"?>
<!DOCTYPE mapper PUBLIC "-//mybatis.org//DTD Mapper 3.0//EN" "http://mybatis.org/dtd/mybatis-3-mapper.dtd">
<mapper namespace="com.oyo.ump.member.dal.dao.TemplateParameterMapper">
    <resultMap id="BaseResultMap" type="com.oyo.ump.member.dal.model.TemplateParameterEntity">
        <result column="id" jdbcType="BIGINT" property="id" />
        <result column="name" jdbcType="VARCHAR" property="name" />
        <result column="dict_col" jdbcType="VARCHAR" property="dictCol" />
        <result column="dict_tab" jdbcType="VARCHAR" property="dictTab"/>
        <result column="source" jdbcType="INTEGER" property="source"/>
        <result column="parameter_type" jdbcType="INTEGER" property="parameterType"/>
    </resultMap>
    <select id="getAllParameterByType" resultMap="BaseResultMap">
         select
        `id`,
        `name`,
        `dict_col`,
        `dict_tab`,
        `source`,
        `parameter_type`
        FROM member_template_parameter
        <trim prefix="where" prefixOverrides="AND">
            <if test="parameterName != null and parameterName != ''">and dict_tab = #{parameterName}</if>
            <if test="source != null">and source = #{source}</if>
            and is_deleted = 0
        </trim>
    </select>

    <select id="getParameterById" parameterType="java.lang.Long" resultMap="BaseResultMap">
         select
        `id`,
        `name`,
        `dict_col`,
        `dict_tab`,
        `source`,
        `parameter_type`
        FROM member_template_parameter
        where id = #{id} and is_deleted = 0
    </select>

    <select id="selectByIds" parameterType="java.util.List" resultMap="BaseResultMap">
        select
        `id`,
        `name`,
        `dict_col`,
        `dict_tab`,
        `source`,
        `parameter_type`
        FROM member_template_parameter
        where `is_deleted` = 0
        and
        `id` IN
        <foreach item="item" index="index" collection="ids"
                 open="(" separator="," close=")" >
            #{item}
        </foreach>
    </select>
</mapper>
