<?xml version="1.0" encoding="UTF-8"?>
<!DOCTYPE mapper PUBLIC "-//mybatis.org//DTD Mapper 3.0//EN" "http://mybatis.org/dtd/mybatis-3-mapper.dtd">
<mapper namespace="com.oyo.ump.member.dal.dao.UpgradePackageMapper">
    <resultMap id="BaseResultMap" type="com.oyo.ump.member.dal.model.UpgradePackageEntity">
        <result column="id" jdbcType="INTEGER" property="id" />
        <result column="sku_code" jdbcType="VARCHAR" property="skuCode" />
        <result column="grade_id" jdbcType="INTEGER" property="gradeId" />
        <result column="grade_ord" jdbcType="INTEGER" property="gradeOrd" />
        <result column="grade_name" jdbcType="VARCHAR" property="gradeName" />
        <result column="upgrade_id" jdbcType="INTEGER" property="upgradeId" />
        <result column="upgrade_ord" jdbcType="INTEGER" property="upgradeOrd" />
        <result column="upgrade_name" jdbcType="VARCHAR" property="upgradeName" />
        <result column="front_commission" jdbcType="DECIMAL" property="frontCommission" />
        <result column="owner_commission" jdbcType="DECIMAL" property="ownerCommission" />
        <result column="oyo_commission" jdbcType="DECIMAL" property="oyoCommission" />
        <result column="status" jdbcType="INTEGER" property="status" />
        <result column="package_type" jdbcType="INTEGER" property="packageType" />
        <result column="is_deleted" jdbcType="INTEGER" property="isDeleted" />
        <result column="create_time" jdbcType="DATE" property="createTime" />
        <result column="create_user_id" jdbcType="INTEGER" property="createUserId" />
        <result column="create_user_name" jdbcType="VARCHAR" property="createUserName" />
        <result column="update_time" jdbcType="DATE" property="updateTime" />
        <result column="update_user_id" jdbcType="INTEGER" property="updateUserId" />
        <result column="update_user_name" jdbcType="VARCHAR" property="updateUserName" />
    </resultMap>
    <sql id="Base_Column_List">
        id, sku_code, grade_id, upgrade_id, front_commission, owner_commission, oyo_commission, `status`,
        is_deleted, create_time, create_user_id, create_user_name, update_time, update_user_id, update_user_name
    </sql>
    <select id="getUpgradePackageList" resultMap="BaseResultMap">
      select
        a.id,
        a.sku_code,
        a.grade_id,
        a.upgrade_id,
        a.front_commission,
        a.owner_commission,
        a.oyo_commission,
        a.`status`,
        a.is_deleted,
        a.create_time,
        a.create_user_id,
        a.create_user_name,
        a.update_time,
        a.update_user_id,
        a.update_user_name,
        b.grade grade_name, b.grade_ord, c.grade upgrade_name, c.grade_ord upgrade_ord
        FROM member_upgrade_package_config a
        left JOIN member_grade_config b
        ON a.grade_id = b.id
        left JOIN member_grade_config c
        ON a.upgrade_id = c.id
        where a.is_deleted = 0 order by b.grade_ord, c.grade_ord
    </select>

    <select id="getUpgradePackageListByGradeId" parameterType ="java.lang.Integer" resultMap="BaseResultMap">
      select
        a.id,
        a.sku_code,
        a.grade_id,
        a.upgrade_id,
        a.front_commission,
        a.owner_commission,
        a.oyo_commission,
        a.`status`,
        a.is_deleted,
        a.create_time,
        a.create_user_id,
        a.create_user_name,
        a.update_time,
        a.update_user_id,
        a.update_user_name,
        b.grade_ord upgrade_ord
        FROM member_upgrade_package_config a
        left JOIN member_grade_config b
        ON a.upgrade_id = b.id
        where a.grade_id = #{gradeId, jdbcType=INTEGER}
        and a.is_deleted = 0 and a.`status` = 1
    </select>

    <select id="getUpgradePackageByCode" parameterType ="java.lang.String" resultMap="BaseResultMap">
      select
        a.id,
        a.sku_code,
        a.grade_id,
        a.upgrade_id,
        a.front_commission,
        a.owner_commission,
        a.oyo_commission,
        a.`status`,
        a.is_deleted,
        a.create_time,
        a.create_user_id,
        a.create_user_name,
        a.update_time,
        a.update_user_id,
        a.update_user_name
        FROM member_upgrade_package_config a
        where sku_code = #{skuCode, jdbcType=VARCHAR}
        and a.is_deleted = 0
    </select>

</mapper>