<?xml version="1.0" encoding="UTF-8"?>
<!DOCTYPE mapper PUBLIC "-//mybatis.org//DTD Mapper 3.0//EN" "http://mybatis.org/dtd/mybatis-3-mapper.dtd">
<mapper namespace="com.oyo.ump.member.dal.dao.UserProfileDictMapper">
    <resultMap id="BaseResultMap" type="com.oyo.ump.member.dal.model.UserProfileDictEntity">
        <result column="id" jdbcType="INTEGER" property="id" />
        <result column="tag_no" jdbcType="VARCHAR" property="tagNo" />
        <result column="tag_status" jdbcType="INTEGER" property="tagStatus" />
        <result column="first_class" jdbcType="INTEGER" property="firstClass" />
        <result column="second_class" jdbcType="INTEGER" property="secondClass" />
        <result column="tag_name" jdbcType="VARCHAR" property="tagName" />
        <result column="tag_type" jdbcType="INTEGER" property="tagType" />
        <result column="tag_table" jdbcType="VARCHAR" property="tagTable" />
        <result column="tag_column" jdbcType="VARCHAR" property="tagColumn" />
        <result column="tag_desc" jdbcType="VARCHAR" property="tagDesc" />
        <result column="sample_sql" jdbcType="VARCHAR" property="sampleSql" />
        <result column="value_area" jdbcType="VARCHAR" property="valueArea" />
    </resultMap>

    <select id="selectByFirstId" parameterType="java.lang.String" resultMap="BaseResultMap">
      select
        id,
        tag_no,
        tag_status,
        first_class,
        second_class,
        tag_name,
        tag_type,
        tag_table,
        tag_column,
        tag_desc,
        sample_sql,
        value_area
        FROM ump_user_profile_dict
        where first_class = #{firstId, jdbcType=VARCHAR} and tag_status = 1
    </select>

    <select id="selectByTagColumn" parameterType="java.lang.String" resultMap="BaseResultMap">
      select
        id,
        tag_no,
        tag_status,
        first_class,
        second_class,
        tag_name,
        tag_type,
        tag_table,
        tag_column,
        tag_desc,
        sample_sql,
        value_area
        FROM ump_user_profile_dict
        where tag_column = #{tagColumn, jdbcType=VARCHAR} and tag_status = 1
    </select>
</mapper>
