<?xml version="1.0" encoding="UTF-8"?>
<!DOCTYPE mapper PUBLIC "-//mybatis.org//DTD Mapper 3.0//EN" "http://mybatis.org/dtd/mybatis-3-mapper.dtd">
<mapper namespace="com.oyo.ump.member.dal.adb.AdbApolloMapper">
    <resultMap id="BaseResultMap" type="com.oyo.ump.member.dal.model.ApolloUserEntity">
        <result column="user_id" jdbcType="BIGINT" property="userId" />
        <result column="staff_email" jdbcType="VARCHAR" property="email" />
    </resultMap>

    <select id="getUserIdsByEmails" resultType="java.lang.Long">
        SELECT distinct(user_id) user_id
        FROM upm_user_manager_hotel
        where staff_email in
        <foreach collection="emails" item="item" index="index" open="(" separator="," close=")">
            #{item}
        </foreach>
    </select>

</mapper>
