<?xml version="1.0" encoding="UTF-8"?>
<!DOCTYPE mapper PUBLIC "-//mybatis.org//DTD Mapper 3.0//EN" "http://mybatis.org/dtd/mybatis-3-mapper.dtd">
<mapper namespace="com.oyo.ump.member.dal.adb.AdbUserMapper">
    <resultMap id="EventResultMap" type="com.oyo.ump.member.dal.model.UserEventEntity">
        <result column="event" jdbcType="VARCHAR" property="event" />
        <result column="dt" jdbcType="VARCHAR" property="dt" />
        <result column="time" jdbcType="VARCHAR" property="time" />
        <result column="p_network_type" jdbcType="VARCHAR" property="networkType" />
        <result column="p_manufacturer" jdbcType="VARCHAR" property="manufacturer" />
        <result column="p_os" jdbcType="VARCHAR" property="os" />
        <result column="p_app_version" jdbcType="VARCHAR" property="appVersion" />
        <result column="platform" jdbcType="VARCHAR" property="platform" />
        <result column="p_ip" jdbcType="VARCHAR" property="ip" />
        <result column="p_city" jdbcType="VARCHAR" property="city" />
        <result column="hotel_id" jdbcType="VARCHAR" property="hotelId" />
        <result column="hotel_name" jdbcType="VARCHAR" property="hotelName" />
        <result column="room_type" jdbcType="VARCHAR" property="roomType" />
        <result column="search_type" jdbcType="VARCHAR" property="searchType" />
        <result column="keyword" jdbcType="VARCHAR" property="keyword" />
        <result column="check_in_date" jdbcType="VARCHAR" property="checkinDate" />
        <result column="check_out_date" jdbcType="VARCHAR" property="checkoutDate" />
        <result column="night_count" jdbcType="VARCHAR" property="nightCount" />
        <result column="max_price" jdbcType="VARCHAR" property="maxPrice" />
        <result column="min_price" jdbcType="VARCHAR" property="minPrice" />
    </resultMap>
    <resultMap id="TradeResultMap" type="com.oyo.ump.member.dal.model.UserTradeEntity">
        <result column="id" jdbcType="BIGINT" property="id" />
        <result column="order_sn" jdbcType="VARCHAR" property="orderSn" />
        <result column="booking_sn" jdbcType="VARCHAR" property="bookingSn" />
        <result column="hotel_id" jdbcType="BIGINT" property="hotelId" />
        <result column="name" jdbcType="VARCHAR" property="hotelName" />
        <result column="orderTime" jdbcType="TIMESTAMP" property="orderTime" />
        <result column="payTime" jdbcType="TIMESTAMP" property="payTime" />
        <result column="check_in_time" jdbcType="TIMESTAMP" property="checkinTime" />
        <result column="check_out_time" jdbcType="TIMESTAMP" property="checkoutTime" />
        <result column="actual_amount" jdbcType="DOUBLE" property="actualAmount" />
        <result column="terminal" jdbcType="VARCHAR" property="terminal" />
        <result column="amount" jdbcType="DOUBLE" property="amount" />
        <result column="status" jdbcType="INTEGER" property="status" />
        <result column="discount_money" jdbcType="DOUBLE" property="discountMoney" />
    </resultMap>
    <resultMap id="DetailResultMap" type="com.oyo.ump.member.dal.model.UserDetailEntity">
        <result column="member_id" jdbcType="BIGINT" property="memberId" />
        <result column="register_time" jdbcType="VARCHAR" property="registerTime" />
        <result column="first_app_time" jdbcType="VARCHAR" property="firstAppTime" />
        <result column="last_app_time" jdbcType="VARCHAR" property="lastAppTime" />
        <result column="date_count_advance" jdbcType="VARCHAR" property="dateCountAdvance" />
    </resultMap>

    <select id="queryUserEvent" resultMap="EventResultMap" parameterType="map">
    SELECT event,
       dt,
       time,
       p_network_type,
       p_manufacturer,
       p_os,
       p_app_version,
       platform,
       p_ip,
       p_city,
       hotel_id,
       hotel_name,
       room_type,
       search_type,
       keyword,
       check_in_date,
       check_out_date,
       night_count,
       max_price,
       min_price
   FROM sensors_analytics_user_event_datacenter
       where distinct_id =#{distinctId}
        <if test="startTime != null and startTime != ''">and time &gt; #{startTime}</if>
        <if test="endTime != null and endTime != ''">and time &lt; #{endTime}</if>
         order by time desc
  </select>
    <select id="getDistinctIdByUserId" parameterType="long" resultType="string">
     select distinct_id
        from ump_data_member_dim_dw as member_dim
        where member_dim.member_id= #{memberId}
    </select>
    <select id="getUserTradeInfo" parameterType="map"  resultMap="TradeResultMap">
      select tempA.*,
       tempB.discount_money
      from(
    SELECT a.id, b.order_sn, a.booking_sn, a.hotel_id, f.name, a.create_time orderTime, c.create_time payTime, b.check_in_time, b.check_out_time, a.actual_amount, a.terminal, a.amount, a.status
    FROM trade_booking a LEFT JOIN trade_room_reservation b ON a.id= b.booking_id LEFT JOIN trade_payment_log c on a.id= c.booking_id LEFT JOIN product_hotel f on a.hotel_id= f.id
       where  a.member_id= #{memberId}
            <if test="startTime != null and startTime != ''">and a.create_time &gt; #{startTime}</if>
            <if test="endTime != null and endTime != ''">and a.create_time &lt; #{endTime}</if>
         order by a.create_time desc) tempA left JOIN(
          SELECT e.booking_id, sum(e.discount_money) discount_money
              from trade_booking d LEFT JOIN trade_booking_discount e on d.id= e.booking_id
              where d.member_id= #{memberId}
                GROUP BY e.booking_id) tempB on tempA.id= tempB.booking_id
    </select>
    <select id="getUserDetailList" parameterType="list" resultMap="DetailResultMap">
       SELECT member_id,
       register_time,
       first_app_time,
       last_app_time,
        date_count_advance
       FROM ump_data_member_dim_dw as member_dim
         where member_dim.member_id in
        <foreach collection="userIds" index="index" item="item" open="(" separator="," close=")">
            #{item}
        </foreach>
    </select>

</mapper>
